source	native	name	p_value	significant	description	term_size	query_size	intersection_size	effective_domain_size	precision	recall	query	parents	Cluster	-log10(p_value)
GO:MF	GO:0016168	chlorophyll binding	0.039339103068453396	True	"""Binding to a chlorophyll; a compound of magnesium complexed in a porphyrin (tetrapyrrole) ring and which functions as a photosynthetic pigment."" [GOC:jl]"	34	40	2	22878	0.05	0.058823529411764705	query_1	['GO:0046906']	4hr_60S_up	1.4051755462179523
GO:MF	GO:0015431	ABC-type glutathione S-conjugate transporter activity	0.039339103068453396	True	"""Catalysis of the reaction: ATP + H2O + glutathione S-conjugate(in) -> ADP + phosphate + glutathione S-conjugate(out)."" [GOC:jl, PMID:1455517, RHEA:19121]"	1	40	1	22878	0.025	1.0	query_1	['GO:0140359', 'GO:1901682']	4hr_60S_up	1.4051755462179523
GO:MF	GO:0010298	dihydrocamalexic acid decarboxylase activity	0.039339103068453396	True	"""Catalysis of the reaction: dihydrocamalexic acid = camalexin + CO2 + H+."" [MetaCyc:RXN-8275, PMID:16766671]"	1	40	1	22878	0.025	1.0	query_1	['GO:0016831']	4hr_60S_up	1.4051755462179523
GO:MF	GO:0010290	chlorophyll catabolite transmembrane transporter activity	0.039339103068453396	True	"""Enables the directed movement of chlorophyll catabolites such as non-fluorescent chlorophyll catabolites (NCCs), from one side of a membrane to the other."" [PMID:9681016]"	1	40	1	22878	0.025	1.0	query_1	['GO:0022857']	4hr_60S_up	1.4051755462179523
GO:MF	GO:0061666	UFM1 ligase activity	0.039339103068453396	True	"""Catalysis of the transfer of UFM1 to a substrate protein via the reaction X-UFM1 + S = X + S-UFM1, where X is either an E2 or E3 enzyme, the X-UFM1 linkage is a thioester bond, and the S-UFM1 linkage is an isopeptide bond between the C-terminal amino acid of UFM1 and the epsilon-amino group of lysine residues in the substrate."" [GOC:dph]"	1	40	1	22878	0.025	1.0	query_1	['GO:0061659', 'GO:0071568']	4hr_60S_up	1.4051755462179523
GO:MF	GO:0102406	omega-hydroxypalmitate O-sinapoyl transferase activity	0.039339103068453396	True	"""Catalysis of the reaction: sinapoyl-CoA + 16-hydroxypalmitate = coenzyme A + 16-sinapoyloxypalmitate."" [EC:2.3.1.188, GOC:pz]"	1	40	1	22878	0.025	1.0	query_1	['GO:0016747']	4hr_60S_up	1.4051755462179523
GO:MF	GO:0050403	trans-zeatin O-beta-D-glucosyltransferase activity	0.04418108563478011	True	"""Catalysis of the reaction: trans-zeatin + UDP-D-glucose = O-beta-D-glucosyl-trans-zeatin + H+ + UDP."" [EC:2.4.1.203, RHEA:23224]"	3	40	1	22878	0.025	0.3333333333333333	query_1	['GO:0035251']	4hr_60S_up	1.354763616680936
GO:MF	GO:0004648	O-phospho-L-serine:2-oxoglutarate aminotransferase activity	0.04418108563478011	True	"""Catalysis of the reaction: O-phospho-L-serine + 2-oxoglutarate = 3-phosphonooxypyruvate + L-glutamate."" [EC:2.6.1.52]"	2	40	1	22878	0.025	0.5	query_1	['GO:0008483']	4hr_60S_up	1.354763616680936
GO:MF	GO:0071568	UFM1 transferase activity	0.04418108563478011	True	"""Catalysis of the transfer of UFM1 from one protein to another via the reaction X-UFM1 + Y = Y-UFM1 + X, where both X-UFM1 and Y-UFM1 are covalent linkages."" [GOC:sp, PMID:20018847]"	2	40	1	22878	0.025	0.5	query_1	['GO:0019787']	4hr_60S_up	1.354763616680936
GO:MF	GO:0052638	indole-3-butyrate beta-glucosyltransferase activity	0.04418108563478011	True	"""Catalysis of the reaction: indole-3-butyrate + UDP-D-glucose = indole-3-butyryl-beta-1-D-glucose + UDP."" [MetaCyc:RXN-11655, RHEA:62708]"	2	40	1	22878	0.025	0.5	query_1	['GO:0035251']	4hr_60S_up	1.354763616680936
GO:MF	GO:0016462	pyrophosphatase activity	0.04418108563478011	True	"""Catalysis of the hydrolysis of a pyrophosphate bond (diphosphate bond) between two phosphate groups."" [GOC:curators, https://en.wikipedia.org/wiki/Pyrophosphatase]"	913	40	6	22878	0.15	0.0065717415115005475	query_1	['GO:0016818']	4hr_60S_up	1.354763616680936
GO:MF	GO:0050734	hydroxycinnamoyltransferase activity	0.04418108563478011	True	"""Catalysis of the transfer of a hydroxycinnamoyl group to an acceptor molecule."" [GOC:ai]"	3	40	1	22878	0.025	0.3333333333333333	query_1	['GO:0016747']	4hr_60S_up	1.354763616680936
GO:MF	GO:0050502	cis-zeatin O-beta-D-glucosyltransferase activity	0.04418108563478011	True	"""Catalysis of the reaction: cis-zeatin + UDP-D-glucose = O-beta-D-glucosyl-cis-zeatin + H+ + UDP."" [EC:2.4.1.215, RHEA:20681]"	3	40	1	22878	0.025	0.3333333333333333	query_1	['GO:0035251']	4hr_60S_up	1.354763616680936
GO:MF	GO:0016817	hydrolase activity, acting on acid anhydrides	0.04418108563478011	True	"""Catalysis of the hydrolysis of any acid anhydride."" [GOC:jl]"	927	40	6	22878	0.15	0.006472491909385114	query_1	['GO:0016787']	4hr_60S_up	1.354763616680936
GO:MF	GO:0017077	oxidative phosphorylation uncoupler activity	0.04418108563478011	True	"""Enables the transfer of protons from mitochondrial intermembrane space into mitochondrial matrix, dissipating the proton gradient across the mitochondrial inner membrane established by the electron transport chain during the oxidative phosphorylation (proton leak). Proton leak uncouples the processes of electron transport/proton generation and ATP synthesis."" [PMID:15738989, PMID:16179945]"	2	40	1	22878	0.025	0.5	query_1	['GO:0022857']	4hr_60S_up	1.354763616680936
GO:MF	GO:0016818	hydrolase activity, acting on acid anhydrides, in phosphorus-containing anhydrides	0.04418108563478011	True	"""Catalysis of the hydrolysis of any acid anhydride which contains phosphorus."" [GOC:jl]"	922	40	6	22878	0.15	0.006507592190889371	query_1	['GO:0016817']	4hr_60S_up	1.354763616680936
GO:MF	GO:0003735	structural constituent of ribosome	0.04782750851924992	True	"""The action of a molecule that contributes to the structural integrity of the ribosome."" [GOC:mah]"	419	40	4	22878	0.1	0.00954653937947494	query_1	['GO:0005198']	4hr_60S_up	1.3203222422625607
GO:MF	GO:0016168	chlorophyll binding	0.008561716884525982	True	"""Binding to a chlorophyll; a compound of magnesium complexed in a porphyrin (tetrapyrrole) ring and which functions as a photosynthetic pigment."" [GOC:jl]"	34	15	2	22878	0.13333333333333333	0.058823529411764705	query_1	['GO:0046906']	Bulked_60S_up	2.067439137342752
GO:MF	GO:0045735	nutrient reservoir activity	0.008561716884525982	True	"""Functions in the storage of nutritious substrates."" [GOC:ai]"	25	15	2	22878	0.13333333333333333	0.08	query_1	['GO:0003674']	Bulked_60S_up	2.067439137342752
GO:MF	GO:0004328	formamidase activity	0.010097036454234877	True	"""Catalysis of the reaction: formamide + H2O = formate + NH4."" [RHEA:21948]"	1	15	1	22878	0.06666666666666667	1.0	query_1	['GO:0004040']	Bulked_60S_up	1.9958060757651972
GO:MF	GO:0010298	dihydrocamalexic acid decarboxylase activity	0.010097036454234877	True	"""Catalysis of the reaction: dihydrocamalexic acid = camalexin + CO2 + H+."" [MetaCyc:RXN-8275, PMID:16766671]"	1	15	1	22878	0.06666666666666667	1.0	query_1	['GO:0016831']	Bulked_60S_up	1.9958060757651972
GO:MF	GO:0061666	UFM1 ligase activity	0.010097036454234877	True	"""Catalysis of the transfer of UFM1 to a substrate protein via the reaction X-UFM1 + S = X + S-UFM1, where X is either an E2 or E3 enzyme, the X-UFM1 linkage is a thioester bond, and the S-UFM1 linkage is an isopeptide bond between the C-terminal amino acid of UFM1 and the epsilon-amino group of lysine residues in the substrate."" [GOC:dph]"	1	15	1	22878	0.06666666666666667	1.0	query_1	['GO:0061659', 'GO:0071568']	Bulked_60S_up	1.9958060757651972
GO:MF	GO:0071568	UFM1 transferase activity	0.014419924172651033	True	"""Catalysis of the transfer of UFM1 from one protein to another via the reaction X-UFM1 + Y = Y-UFM1 + X, where both X-UFM1 and Y-UFM1 are covalent linkages."" [GOC:sp, PMID:20018847]"	2	15	1	22878	0.06666666666666667	0.5	query_1	['GO:0019787']	Bulked_60S_up	1.8410370233534703
GO:MF	GO:0052638	indole-3-butyrate beta-glucosyltransferase activity	0.014419924172651033	True	"""Catalysis of the reaction: indole-3-butyrate + UDP-D-glucose = indole-3-butyryl-beta-1-D-glucose + UDP."" [MetaCyc:RXN-11655, RHEA:62708]"	2	15	1	22878	0.06666666666666667	0.5	query_1	['GO:0035251']	Bulked_60S_up	1.8410370233534703
GO:MF	GO:0019904	protein domain specific binding	0.017345750166258573	True	"""Binding to a specific domain of a protein."" [GOC:go_curators]"	97	15	2	22878	0.13333333333333333	0.020618556701030927	query_1	['GO:0005515']	Bulked_60S_up	1.7608069131167277
GO:MF	GO:0046906	tetrapyrrole binding	0.02001814849780915	True	"""Binding to a tetrapyrrole, a compound containing four pyrrole nuclei variously substituted and linked to each other through carbons at the alpha position."" [GOC:curators, ISBN:0198506732]"	418	15	3	22878	0.2	0.007177033492822967	query_1	['GO:0005488']	Bulked_60S_up	1.6985760934086243
GO:MF	GO:1990380	K48-linked deubiquitinase activity	0.02017554273015311	True	"""Hydrolysis of a ubiquitin unit from a ubiquitinated protein linked via the Lys48 residue of ubiquitin."" [GOC:bf, GOC:PARL, PMID:22970133]"	4	15	1	22878	0.06666666666666667	0.25	query_1	['GO:0101005']	Bulked_60S_up	1.6951747737538299
GO:MF	GO:0004040	amidase activity	0.036637942853021466	True	"""Catalysis of the reaction: a monocarboxylic acid amide + H2O = a monocarboxylate + NH4+."" [RHEA:12020]"	8	15	1	22878	0.06666666666666667	0.125	query_1	['GO:0016811']	Bulked_60S_up	1.4360689190833984
GO:MF	GO:0003735	structural constituent of ribosome	2.455769089226112e-27	True	"""The action of a molecule that contributes to the structural integrity of the ribosome."" [GOC:mah]"	419	68	27	22878	0.39705882352941174	0.06443914081145585	query_1	['GO:0005198']	16hr_60S_up	26.609812471402808
GO:MF	GO:0005198	structural molecule activity	5.28246667732942e-24	True	"""The action of a molecule that contributes to the structural integrity of a complex."" [GOC:mah, GOC:vw]"	572	68	27	22878	0.39705882352941174	0.0472027972027972	query_1	['GO:0003674']	16hr_60S_up	23.27716323386819
GO:MF	GO:0003729	mRNA binding	2.0336625208567493e-07	True	"""Binding to messenger RNA (mRNA), an intermediate molecule between DNA and protein. mRNA includes UTR and coding sequences, but does not contain introns."" [GOC:kmv, GOC:pr, SO:0000234]"	1619	68	21	22878	0.3088235294117647	0.012970969734403953	query_1	['GO:0003723']	16hr_60S_up	6.691721115076008
GO:MF	GO:0016887	ATP hydrolysis activity	2.447416952717126e-06	True	"""Catalysis of the reaction: ATP + H2O = ADP + H+ phosphate. ATP hydrolysis is used in some reactions as an energy source, for example to catalyze a reaction or drive transport against a concentration gradient."" [RHEA:13065]"	552	68	12	22878	0.17647058823529413	0.021739130434782608	query_1	['GO:0017111', 'GO:0140657']	16hr_60S_up	5.611292036026809
GO:MF	GO:0003723	RNA binding	1.2433911360064183e-05	True	"""Binding to an RNA molecule or a portion thereof."" [GOC:jl, GOC:mah]"	2517	68	23	22878	0.3382352941176471	0.009137862534763607	query_1	['GO:0003676']	16hr_60S_up	4.905392232992651
GO:MF	GO:0017111	ribonucleoside triphosphate phosphatase activity	0.00015230569527488585	True	"""Catalysis of the reaction: a ribonucleoside triphosphate + H2O = a ribonucleoside diphosphate + H+ + phosphate."" [RHEA:23680]"	850	68	12	22878	0.17647058823529413	0.01411764705882353	query_1	['GO:0016462']	16hr_60S_up	3.8172838564787313
GO:MF	GO:0140657	ATP-dependent activity	0.00015943088598940135	True	"""A molecular function characterized by the coupling of ATP hydrolysis to other steps of a reaction mechanism to make the reaction energetically favorable, for example to catalyze a reaction or drive transport against a concentration gradient."" [PMID:24878343, PMID:25750732, PMID:32933017, PMID:33818025, PMID:33873056, PMID:33988324]"	867	68	12	22878	0.17647058823529413	0.01384083044982699	query_1	['GO:0003674']	16hr_60S_up	3.7974275404342928
GO:MF	GO:0016462	pyrophosphatase activity	0.00019809746403741613	True	"""Catalysis of the hydrolysis of a pyrophosphate bond (diphosphate bond) between two phosphate groups."" [GOC:curators, https://en.wikipedia.org/wiki/Pyrophosphatase]"	913	68	12	22878	0.17647058823529413	0.013143483023001095	query_1	['GO:0016818']	16hr_60S_up	3.7031210840859154
GO:MF	GO:0016818	hydrolase activity, acting on acid anhydrides, in phosphorus-containing anhydrides	0.00019809746403741613	True	"""Catalysis of the hydrolysis of any acid anhydride which contains phosphorus."" [GOC:jl]"	922	68	12	22878	0.17647058823529413	0.013015184381778741	query_1	['GO:0016817']	16hr_60S_up	3.7031210840859154
GO:MF	GO:0140359	ABC-type transporter activity	0.00019809746403741613	True	"""Primary active transporter characterized by two nucleotide-binding domains and two transmembrane domains. Uses the energy generated from ATP hydrolysis to drive the transport of a substance across a membrane."" [PMID:26517899]"	106	68	5	22878	0.07352941176470588	0.04716981132075472	query_1	['GO:0042626']	16hr_60S_up	3.7031210840859154
GO:MF	GO:0016817	hydrolase activity, acting on acid anhydrides	0.00019809746403741613	True	"""Catalysis of the hydrolysis of any acid anhydride."" [GOC:jl]"	927	68	12	22878	0.17647058823529413	0.012944983818770227	query_1	['GO:0016787']	16hr_60S_up	3.7031210840859154
GO:MF	GO:0042910	xenobiotic transmembrane transporter activity	0.0007377968816980718	True	"""Enables the directed movement of a xenobiotic from one side of a membrane to the other. A xenobiotic is a compound foreign to the organism exposed to it. It may be synthesized by another organism (like ampicilin) or it can be a synthetic chemical."" [GOC:go_curators, GOC:krc]"	73	68	4	22878	0.058823529411764705	0.0547945205479452	query_1	['GO:0022857']	16hr_60S_up	3.13206318465297
GO:MF	GO:0016724	oxidoreductase activity, acting on metal ions, oxygen as acceptor	0.0008222091759340745	True	"""Catalysis of an oxidation-reduction in which the oxidation state of metal ion is altered and oxygen acts as an electron acceptor."" [GOC:mah]"	5	68	2	22878	0.029411764705882353	0.4	query_1	['GO:0016722']	16hr_60S_up	3.085017680760123
GO:MF	GO:0004322	ferroxidase activity	0.0008222091759340745	True	"""Catalysis of the reaction: 4 Fe2+ + 4 H+ + O2 = 4 Fe3+ + 2 H2O."" [RHEA:11148]"	5	68	2	22878	0.029411764705882353	0.4	query_1	['GO:0016724']	16hr_60S_up	3.085017680760123
GO:MF	GO:0008199	ferric iron binding	0.001148880202450385	True	"""Binding to a ferric iron ion, Fe(III)."" [GOC:ai]"	6	68	2	22878	0.029411764705882353	0.3333333333333333	query_1	['GO:0005506']	16hr_60S_up	2.9397252542770627
GO:MF	GO:0042626	ATPase-coupled transmembrane transporter activity	0.002630980217395439	True	"""Primary active transporter of a solute across a membrane, via the reaction: ATP + H2O = ADP + phosphate, to directly drive the transport of a substance across a membrane. The transport protein may be transiently phosphorylated (P-type transporters), or not (ABC-type transporters and other families of transporters). Primary active transport occurs up the solute's concentration gradient and is driven by a primary energy source."" [GOC:mtg_transport, ISBN:0815340729]"	199	68	5	22878	0.07352941176470588	0.02512562814070352	query_1	['GO:0015399', 'GO:0140657']	16hr_60S_up	2.5798824174058588
GO:MF	GO:0015399	primary active transmembrane transporter activity	0.0061370711659313685	True	"""Enables the transfer of a solute from one side of a membrane to the other, up the solute's concentration gradient, by binding the solute and undergoing a series of conformational changes. Transport works equally well in either direction and is powered by a primary energy source. Primary energy sources known to be coupled to transport are chemical such as ATP hydrolysis, redox energy and photon energy."" [GOC:mtg_transport, PMID:31613498]"	243	68	5	22878	0.07352941176470588	0.0205761316872428	query_1	['GO:0022804']	16hr_60S_up	2.2120388405759193
GO:MF	GO:0032559	adenyl ribonucleotide binding	0.0063106381034341635	True	"""Binding to an adenyl ribonucleotide, any compound consisting of adenosine esterified with (ortho)phosphate or an oligophosphate at any hydroxyl group on the ribose moiety."" [GOC:mah]"	2521	68	17	22878	0.25	0.006743355811186037	query_1	['GO:0030554', 'GO:0032555']	16hr_60S_up	2.1999267246244774
GO:MF	GO:0008559	ABC-type xenobiotic transporter activity	0.0063106381034341635	True	"""Catalysis of the reaction: ATP + H2O + xenobiotic(in) = ADP + phosphate + xenobiotic(out)."" [EC:7.6.2.2]"	15	68	2	22878	0.029411764705882353	0.13333333333333333	query_1	['GO:0042910', 'GO:0140359']	16hr_60S_up	2.1999267246244774
GO:MF	GO:0022804	active transmembrane transporter activity	0.006334795143195348	True	"""Enables the transfer of a specific substance or related group of substances from one side of a membrane to the other, up the solute's concentration gradient. The transporter binds the solute and undergoes a series of conformational changes. Transport works equally well in either direction."" [GOC:mtg_transport, ISBN:0815340729]"	527	68	7	22878	0.10294117647058823	0.013282732447817837	query_1	['GO:0022857']	16hr_60S_up	2.198267424919193
GO:MF	GO:0005509	calcium ion binding	0.0064147497026027	True	"""Binding to a calcium ion (Ca2+)."" [GOC:ai]"	260	68	5	22878	0.07352941176470588	0.019230769230769232	query_1	['GO:0046872']	16hr_60S_up	2.192820284713713
GO:MF	GO:0016722	oxidoreductase activity, acting on metal ions	0.0064147497026027	True	"""Catalysis of an oxidation-reduction in which the oxidation state of metal ion is altered."" [GOC:mah]"	16	68	2	22878	0.029411764705882353	0.125	query_1	['GO:0016491']	16hr_60S_up	2.192820284713713
GO:MF	GO:0030554	adenyl nucleotide binding	0.009119047565303021	True	"""Binding to an adenyl nucleotide, an adenosine esterified with (ortho)phosphate."" [ISBN:0198506732]"	2651	68	17	22878	0.25	0.006412674462466994	query_1	['GO:0017076']	16hr_60S_up	2.0400505189888634
GO:MF	GO:0015431	ABC-type glutathione S-conjugate transporter activity	0.014443886030838396	True	"""Catalysis of the reaction: ATP + H2O + glutathione S-conjugate(in) -> ADP + phosphate + glutathione S-conjugate(out)."" [GOC:jl, PMID:1455517, RHEA:19121]"	1	68	1	22878	0.014705882352941176	1.0	query_1	['GO:0140359', 'GO:1901682']	16hr_60S_up	1.8403159470226456
GO:MF	GO:0010298	dihydrocamalexic acid decarboxylase activity	0.014443886030838396	True	"""Catalysis of the reaction: dihydrocamalexic acid = camalexin + CO2 + H+."" [MetaCyc:RXN-8275, PMID:16766671]"	1	68	1	22878	0.014705882352941176	1.0	query_1	['GO:0016831']	16hr_60S_up	1.8403159470226456
GO:MF	GO:0043167	ion binding	0.014443886030838396	True	"""Binding to an ion, a charged atoms or groups of atoms."" [GOC:jl]"	6685	68	31	22878	0.45588235294117646	0.004637247569184742	query_1	['GO:0036094']	16hr_60S_up	1.8403159470226456
GO:MF	GO:0010290	chlorophyll catabolite transmembrane transporter activity	0.014443886030838396	True	"""Enables the directed movement of chlorophyll catabolites such as non-fluorescent chlorophyll catabolites (NCCs), from one side of a membrane to the other."" [PMID:9681016]"	1	68	1	22878	0.014705882352941176	1.0	query_1	['GO:0022857']	16hr_60S_up	1.8403159470226456
GO:MF	GO:0061666	UFM1 ligase activity	0.014443886030838396	True	"""Catalysis of the transfer of UFM1 to a substrate protein via the reaction X-UFM1 + S = X + S-UFM1, where X is either an E2 or E3 enzyme, the X-UFM1 linkage is a thioester bond, and the S-UFM1 linkage is an isopeptide bond between the C-terminal amino acid of UFM1 and the epsilon-amino group of lysine residues in the substrate."" [GOC:dph]"	1	68	1	22878	0.014705882352941176	1.0	query_1	['GO:0061659', 'GO:0071568']	16hr_60S_up	1.8403159470226456
GO:MF	GO:0032555	purine ribonucleotide binding	0.015193419272724128	True	"""Binding to a purine ribonucleotide, any compound consisting of a purine ribonucleoside that is esterified with (ortho)phosphate or an oligophosphate at any hydroxyl group on the ribose moiety."" [GOC:mah]"	2841	68	17	22878	0.25	0.00598380851812742	query_1	['GO:0017076', 'GO:0032553']	16hr_60S_up	1.8183444773440873
GO:MF	GO:0032553	ribonucleotide binding	0.016037012408941797	True	"""Binding to a ribonucleotide, any compound consisting of a ribonucleoside that is esterified with (ortho)phosphate or an oligophosphate at any hydroxyl group on the ribose moiety."" [GOC:mah]"	2865	68	17	22878	0.25	0.00593368237347295	query_1	['GO:0000166', 'GO:0097367']	16hr_60S_up	1.7948765347526427
GO:MF	GO:0005488	binding	0.016744383652464268	True	"""The selective, non-covalent, often stoichiometric, interaction of a molecule with one or more specific sites on another molecule."" [GOC:ceb, GOC:mah, ISBN:0198506732]"	14966	68	55	22878	0.8088235294117647	0.0036749966590939463	query_1	['GO:0003674']	16hr_60S_up	1.7761308338667312
GO:MF	GO:0000166	nucleotide binding	0.01678317086938294	True	"""Binding to a nucleotide, any compound consisting of a nucleoside that is esterified with (ortho)phosphate or an oligophosphate at any hydroxyl group on the ribose or deoxyribose."" [GOC:mah, ISBN:0198547684]"	3173	68	18	22878	0.2647058823529412	0.005672864796722345	query_1	['GO:1901265', 'GO:1901363']	16hr_60S_up	1.7751259838541764
GO:MF	GO:0036094	small molecule binding	0.01678317086938294	True	"""Binding to a small molecule, any low molecular weight, monomeric, non-encoded molecule."" [GOC:curators, GOC:pde, GOC:pm]"	6804	68	31	22878	0.45588235294117646	0.004556143445032334	query_1	['GO:0005488']	16hr_60S_up	1.7751259838541764
GO:MF	GO:1901265	nucleoside phosphate binding	0.01678317086938294	True	"""Binding to nucleoside phosphate."" [GOC:TermGenie]"	3179	68	18	22878	0.2647058823529412	0.005662157911292859	query_1	['GO:0005488']	16hr_60S_up	1.7751259838541764
GO:MF	GO:0097367	carbohydrate derivative binding	0.01678317086938294	True	"""Binding to a carbohydrate derivative."" [GOC:pr]"	2907	68	17	22878	0.25	0.005847953216374269	query_1	['GO:0005488']	16hr_60S_up	1.7751259838541764
GO:MF	GO:0019843	rRNA binding	0.01678317086938294	True	"""Binding to a ribosomal RNA."" [GOC:jl]"	112	68	3	22878	0.04411764705882353	0.026785714285714284	query_1	['GO:0003723']	16hr_60S_up	1.7751259838541764
GO:MF	GO:0017076	purine nucleotide binding	0.01889817280621871	True	"""Binding to a purine nucleotide, a compound consisting of a purine nucleoside esterified with (ortho)phosphate."" [GOC:ai]"	2971	68	17	22878	0.25	0.00572197913160552	query_1	['GO:0000166']	16hr_60S_up	1.7235801841091667
GO:MF	GO:0071568	UFM1 transferase activity	0.01892171415222708	True	"""Catalysis of the transfer of UFM1 from one protein to another via the reaction X-UFM1 + Y = Y-UFM1 + X, where both X-UFM1 and Y-UFM1 are covalent linkages."" [GOC:sp, PMID:20018847]"	2	68	1	22878	0.014705882352941176	0.5	query_1	['GO:0019787']	16hr_60S_up	1.7230395226312687
GO:MF	GO:0043168	anion binding	0.01892171415222708	True	"""Binding to an anion, a charged atom or group of atoms with a net negative charge."" [GOC:jl]"	3268	68	18	22878	0.2647058823529412	0.0055079559363525096	query_1	['GO:0043167']	16hr_60S_up	1.7230395226312687
GO:MF	GO:0035515	oxidative RNA demethylase activity	0.01892171415222708	True	"""Catalysis of the removal of a methyl group from one or more nucleosides within a RNA molecule involving the oxidation (i.e. electron loss) of one or more atoms."" [PMID:12594517, PMID:16482161, PMID:18775698]"	2	68	1	22878	0.014705882352941176	0.5	query_1	['GO:0016706', 'GO:0032451', 'GO:0140098']	16hr_60S_up	1.7230395226312687
GO:MF	GO:1990931	mRNA N6-methyladenosine dioxygenase activity	0.01892171415222708	True	"""Catalysis of the oxidative demethylation of N6-methyladenosine RNA, with concomitant decarboxylation of 2-oxoglutarate and releases oxidized methyl group on N6-methyladenosine as formaldehyde."" [PMID:22002720, PMID:26458103]"	2	68	1	22878	0.014705882352941176	0.5	query_1	['GO:0035515']	16hr_60S_up	1.7230395226312687
GO:MF	GO:0052638	indole-3-butyrate beta-glucosyltransferase activity	0.01892171415222708	True	"""Catalysis of the reaction: indole-3-butyrate + UDP-D-glucose = indole-3-butyryl-beta-1-D-glucose + UDP."" [MetaCyc:RXN-11655, RHEA:62708]"	2	68	1	22878	0.014705882352941176	0.5	query_1	['GO:0035251']	16hr_60S_up	1.7230395226312687
GO:MF	GO:1901363	heterocyclic compound binding	0.020918929505680944	True	"""Binding to heterocyclic compound."" [GOC:TermGenie]"	3307	68	18	22878	0.2647058823529412	0.005442999697611128	query_1	['GO:0036094']	16hr_60S_up	1.679460543594008
GO:MF	GO:0005524	ATP binding	0.031303860220125074	True	"""Binding to ATP, adenosine 5'-triphosphate, a universally important coenzyme and enzyme regulator."" [ISBN:0198506732]"	2409	68	14	22878	0.20588235294117646	0.005811540058115401	query_1	['GO:0032559', 'GO:0035639']	16hr_60S_up	1.5044021043408256
GO:MF	GO:0008097	5S rRNA binding	0.0349849755442872	True	"""Binding to a 5S ribosomal RNA, the smallest RNA constituent of a ribosome."" [GOC:jl, ISBN:0321000382]"	4	68	1	22878	0.014705882352941176	0.25	query_1	['GO:0019843']	16hr_60S_up	1.4561184253386588
GO:MF	GO:0043531	ADP binding	0.043384864958081346	True	"""Binding to ADP, adenosine 5'-diphosphate."" [GOC:jl]"	175	68	3	22878	0.04411764705882353	0.017142857142857144	query_1	['GO:0032559', 'GO:0043168']	16hr_60S_up	1.3626617500169778
GO:MF	GO:0003676	nucleic acid binding	0.043384864958081346	True	"""Binding to a nucleic acid."" [GOC:jl]"	4996	68	23	22878	0.3382352941176471	0.004603682946357086	query_1	['GO:0005488']	16hr_60S_up	1.3626617500169778
GO:MF	GO:0106292	superoxide-generating NADPH oxidase activity	0.046168351570454486	True	"""Catalysis of the reaction: NADPH + 2 O2 = H+ + NADP+ + 2 superoxide."" [RHEA:63180]"	6	68	1	22878	0.014705882352941176	0.16666666666666666	query_1	['GO:0016175']	16hr_60S_up	1.3356556315488342
GO:MF	GO:0102721	ubiquinol:oxygen oxidoreductase activity	0.046168351570454486	True	"""Catalysis of the reaction: O2 + 2 an ubiquinol = 2 H2O + 2 an ubiquinone."" [GOC:pz, RHEA:30255]"	6	68	1	22878	0.014705882352941176	0.16666666666666666	query_1	['GO:0016682']	16hr_60S_up	1.3356556315488342
GO:MF	GO:0016175	superoxide-generating NAD(P)H oxidase activity	0.046168351570454486	True	"""Catalysis of the reaction: NAD(P)H + O2 = NAD(P)H + O2-."" [GOC:ai, PMID:10806195]"	6	68	1	22878	0.014705882352941176	0.16666666666666666	query_1	['GO:0050664']	16hr_60S_up	1.3356556315488342
GO:MF	GO:0010328	auxin influx transmembrane transporter activity	0.046168351570454486	True	"""Enables the transfer of auxin, from one side of a membrane to the other, into a cell."" [PMID:16839804]"	6	68	1	22878	0.014705882352941176	0.16666666666666666	query_1	['GO:0080161']	16hr_60S_up	1.3356556315488342
GO:MF	GO:0004497	monooxygenase activity	0.04786677647283009	True	"""Catalysis of the incorporation of one atom from molecular oxygen into a compound and the reduction of the other atom of oxygen to water."" [ISBN:0198506732]"	341	68	4	22878	0.058823529411764705	0.011730205278592375	query_1	['GO:0016491']	16hr_60S_up	1.3199658185427092
GO:MF	GO:0016818	hydrolase activity, acting on acid anhydrides, in phosphorus-containing anhydrides	0.03122940237535706	True	"""Catalysis of the hydrolysis of any acid anhydride which contains phosphorus."" [GOC:jl]"	922	119	13	22878	0.1092436974789916	0.014099783080260303	query_1	['GO:0016817']	4hr_Monosome_up	1.5054363266109179
GO:MF	GO:0043023	ribosomal large subunit binding	0.03122940237535706	True	"""Binding to a large ribosomal subunit."" [GOC:go_curators]"	6	119	2	22878	0.01680672268907563	0.3333333333333333	query_1	['GO:0043022']	4hr_Monosome_up	1.5054363266109179
GO:MF	GO:0043022	ribosome binding	0.03122940237535706	True	"""Binding to a ribosome."" [GOC:go_curators]"	29	119	3	22878	0.025210084033613446	0.10344827586206896	query_1	['GO:0043021']	4hr_Monosome_up	1.5054363266109179
GO:MF	GO:0043021	ribonucleoprotein complex binding	0.03122940237535706	True	"""Binding to a complex of RNA and protein."" [GOC:bf, GOC:go_curators, GOC:vk]"	38	119	3	22878	0.025210084033613446	0.07894736842105263	query_1	['GO:0044877']	4hr_Monosome_up	1.5054363266109179
GO:MF	GO:0017111	ribonucleoside triphosphate phosphatase activity	0.03122940237535706	True	"""Catalysis of the reaction: a ribonucleoside triphosphate + H2O = a ribonucleoside diphosphate + H+ + phosphate."" [RHEA:23680]"	850	119	13	22878	0.1092436974789916	0.015294117647058824	query_1	['GO:0016462']	4hr_Monosome_up	1.5054363266109179
GO:MF	GO:0045735	nutrient reservoir activity	0.03122940237535706	True	"""Functions in the storage of nutritious substrates."" [GOC:ai]"	25	119	3	22878	0.025210084033613446	0.12	query_1	['GO:0003674']	4hr_Monosome_up	1.5054363266109179
GO:MF	GO:0016817	hydrolase activity, acting on acid anhydrides	0.03122940237535706	True	"""Catalysis of the hydrolysis of any acid anhydride."" [GOC:jl]"	927	119	13	22878	0.1092436974789916	0.014023732470334413	query_1	['GO:0016787']	4hr_Monosome_up	1.5054363266109179
GO:MF	GO:0016462	pyrophosphatase activity	0.03122940237535706	True	"""Catalysis of the hydrolysis of a pyrophosphate bond (diphosphate bond) between two phosphate groups."" [GOC:curators, https://en.wikipedia.org/wiki/Pyrophosphatase]"	913	119	13	22878	0.1092436974789916	0.014238773274917854	query_1	['GO:0016818']	4hr_Monosome_up	1.5054363266109179
GO:MF	GO:0016168	chlorophyll binding	0.03122940237535706	True	"""Binding to a chlorophyll; a compound of magnesium complexed in a porphyrin (tetrapyrrole) ring and which functions as a photosynthetic pigment."" [GOC:jl]"	34	119	3	22878	0.025210084033613446	0.08823529411764706	query_1	['GO:0046906']	4hr_Monosome_up	1.5054363266109179
GO:MF	GO:0003729	mRNA binding	0.04576435956425802	True	"""Binding to messenger RNA (mRNA), an intermediate molecule between DNA and protein. mRNA includes UTR and coding sequences, but does not contain introns."" [GOC:kmv, GOC:pr, SO:0000234]"	1619	119	18	22878	0.15126050420168066	0.011117974058060531	query_1	['GO:0003723']	4hr_Monosome_up	1.3394726108645667
GO:MF	GO:0019904	protein domain specific binding	0.0007598402799840819	True	"""Binding to a specific domain of a protein."" [GOC:go_curators]"	97	57	5	22878	0.08771929824561403	0.05154639175257732	query_1	['GO:0005515']	Bulked_Monosome_up	3.1192776877342623
GO:MF	GO:0005515	protein binding	0.0038918913854668097	True	"""Binding to a protein."" [GOC:go_curators]"	7655	57	34	22878	0.5964912280701754	0.004441541476159373	query_1	['GO:0005488']	Bulked_Monosome_up	2.4098392884834983
GO:MF	GO:0016168	chlorophyll binding	0.004845173202491792	True	"""Binding to a chlorophyll; a compound of magnesium complexed in a porphyrin (tetrapyrrole) ring and which functions as a photosynthetic pigment."" [GOC:jl]"	34	57	3	22878	0.05263157894736842	0.08823529411764706	query_1	['GO:0046906']	Bulked_Monosome_up	2.31469069342396
GO:MF	GO:0003729	mRNA binding	0.023660464093104353	True	"""Binding to messenger RNA (mRNA), an intermediate molecule between DNA and protein. mRNA includes UTR and coding sequences, but does not contain introns."" [GOC:kmv, GOC:pr, SO:0000234]"	1619	57	12	22878	0.21052631578947367	0.0074119827053736875	query_1	['GO:0003723']	Bulked_Monosome_up	1.6259767410649104
GO:MF	GO:0016168	chlorophyll binding	5.243354013330081e-09	True	"""Binding to a chlorophyll; a compound of magnesium complexed in a porphyrin (tetrapyrrole) ring and which functions as a photosynthetic pigment."" [GOC:jl]"	34	133	8	22878	0.06015037593984962	0.23529411764705882	query_1	['GO:0046906']	16hr_Monosome_up	8.28039081921829
GO:MF	GO:0016887	ATP hydrolysis activity	7.960120119633833e-08	True	"""Catalysis of the reaction: ATP + H2O = ADP + H+ phosphate. ATP hydrolysis is used in some reactions as an energy source, for example to catalyze a reaction or drive transport against a concentration gradient."" [RHEA:13065]"	552	133	19	22878	0.14285714285714285	0.034420289855072464	query_1	['GO:0017111', 'GO:0140657']	16hr_Monosome_up	7.09908037863161
GO:MF	GO:0045156	electron transporter, transferring electrons within the cyclic electron transport pathway of photosynthesis activity	1.1227268082584309e-05	True	"""Enables the directed movement of electrons within the cyclic electron transport pathway of photosynthesis."" [GOC:ai, ISBN:0716731363]"	9	133	4	22878	0.03007518796992481	0.4444444444444444	query_1	['GO:0009055']	16hr_Monosome_up	4.949725907228878
GO:MF	GO:0140657	ATP-dependent activity	1.1227268082584309e-05	True	"""A molecular function characterized by the coupling of ATP hydrolysis to other steps of a reaction mechanism to make the reaction energetically favorable, for example to catalyze a reaction or drive transport against a concentration gradient."" [PMID:24878343, PMID:25750732, PMID:32933017, PMID:33818025, PMID:33873056, PMID:33988324]"	867	133	20	22878	0.15037593984962405	0.02306805074971165	query_1	['GO:0003674']	16hr_Monosome_up	4.949725907228878
GO:MF	GO:0043167	ion binding	2.470396901233884e-05	True	"""Binding to an ion, a charged atoms or groups of atoms."" [GOC:jl]"	6685	133	66	22878	0.49624060150375937	0.00987284966342558	query_1	['GO:0036094']	16hr_Monosome_up	4.607233266105477
GO:MF	GO:0036094	small molecule binding	2.470396901233884e-05	True	"""Binding to a small molecule, any low molecular weight, monomeric, non-encoded molecule."" [GOC:curators, GOC:pde, GOC:pm]"	6804	133	67	22878	0.5037593984962406	0.009847148736037625	query_1	['GO:0005488']	16hr_Monosome_up	4.607233266105477
GO:MF	GO:0017111	ribonucleoside triphosphate phosphatase activity	2.470396901233884e-05	True	"""Catalysis of the reaction: a ribonucleoside triphosphate + H2O = a ribonucleoside diphosphate + H+ + phosphate."" [RHEA:23680]"	850	133	19	22878	0.14285714285714285	0.02235294117647059	query_1	['GO:0016462']	16hr_Monosome_up	4.607233266105477
GO:MF	GO:0009055	electron transfer activity	2.5656962042846407e-05	True	"""A molecular function representing the directed movement of electrons from one molecular entity to another, typically mediated by electron carriers or acceptors, resulting in the transfer of energy and/or the reduction-oxidation (redox) transformation of chemical species. This activity is fundamental to various biological processes, including cellular respiration and photosynthesis, as well as numerous enzymatic reactions involved in metabolic pathways."" [Wikipedia:Electron_transfer]"	124	133	8	22878	0.06015037593984962	0.06451612903225806	query_1	['GO:0003674']	16hr_Monosome_up	4.590794768309337
GO:MF	GO:0016817	hydrolase activity, acting on acid anhydrides	4.5562449002276916e-05	True	"""Catalysis of the hydrolysis of any acid anhydride."" [GOC:jl]"	927	133	19	22878	0.14285714285714285	0.020496224379719527	query_1	['GO:0016787']	16hr_Monosome_up	4.341392940440383
GO:MF	GO:0004322	ferroxidase activity	4.5562449002276916e-05	True	"""Catalysis of the reaction: 4 Fe2+ + 4 H+ + O2 = 4 Fe3+ + 2 H2O."" [RHEA:11148]"	5	133	3	22878	0.022556390977443608	0.6	query_1	['GO:0016724']	16hr_Monosome_up	4.341392940440383
GO:MF	GO:0016462	pyrophosphatase activity	4.5562449002276916e-05	True	"""Catalysis of the hydrolysis of a pyrophosphate bond (diphosphate bond) between two phosphate groups."" [GOC:curators, https://en.wikipedia.org/wiki/Pyrophosphatase]"	913	133	19	22878	0.14285714285714285	0.0208105147864184	query_1	['GO:0016818']	16hr_Monosome_up	4.341392940440383
GO:MF	GO:0016724	oxidoreductase activity, acting on metal ions, oxygen as acceptor	4.5562449002276916e-05	True	"""Catalysis of an oxidation-reduction in which the oxidation state of metal ion is altered and oxygen acts as an electron acceptor."" [GOC:mah]"	5	133	3	22878	0.022556390977443608	0.6	query_1	['GO:0016722']	16hr_Monosome_up	4.341392940440383
GO:MF	GO:0016818	hydrolase activity, acting on acid anhydrides, in phosphorus-containing anhydrides	4.5562449002276916e-05	True	"""Catalysis of the hydrolysis of any acid anhydride which contains phosphorus."" [GOC:jl]"	922	133	19	22878	0.14285714285714285	0.020607375271149676	query_1	['GO:0016817']	16hr_Monosome_up	4.341392940440383
GO:MF	GO:0008199	ferric iron binding	8.425549922199814e-05	True	"""Binding to a ferric iron ion, Fe(III)."" [GOC:ai]"	6	133	3	22878	0.022556390977443608	0.5	query_1	['GO:0005506']	16hr_Monosome_up	4.07440174382366
GO:MF	GO:0009916	alternative oxidase activity	0.0001284667416156412	True	"""Catalysis of the oxidation of ubiquinol by diverting electrons from the standard electron transfer chain, transferring them from ubiquinol to oxygen and generating water as the product."" [ISBN:0943088399]"	7	133	3	22878	0.022556390977443608	0.42857142857142855	query_1	['GO:0016682']	16hr_Monosome_up	3.8912092910277587
GO:MF	GO:0046906	tetrapyrrole binding	0.0001284667416156412	True	"""Binding to a tetrapyrrole, a compound containing four pyrrole nuclei variously substituted and linked to each other through carbons at the alpha position."" [GOC:curators, ISBN:0198506732]"	418	133	12	22878	0.09022556390977443	0.028708133971291867	query_1	['GO:0005488']	16hr_Monosome_up	3.8912092910277587
GO:MF	GO:1901363	heterocyclic compound binding	0.0003450765187678815	True	"""Binding to heterocyclic compound."" [GOC:TermGenie]"	3307	133	38	22878	0.2857142857142857	0.01149077713940127	query_1	['GO:0036094']	16hr_Monosome_up	3.4620845919008936
GO:MF	GO:0019904	protein domain specific binding	0.00038154152075531414	True	"""Binding to a specific domain of a protein."" [GOC:go_curators]"	97	133	6	22878	0.045112781954887216	0.061855670103092786	query_1	['GO:0005515']	16hr_Monosome_up	3.418458193610242
GO:MF	GO:0016682	oxidoreductase activity, acting on diphenols and related substances as donors, oxygen as acceptor	0.00043546935387848545	True	"""Catalysis of an oxidation-reduction (redox) reaction in which a diphenol, or related compound, acts as a hydrogen or electron donor and reduces oxygen."" [GOC:jl]"	30	133	4	22878	0.03007518796992481	0.13333333333333333	query_1	['GO:0016679']	16hr_Monosome_up	3.3610424030209103
GO:MF	GO:0005488	binding	0.0006833982281710893	True	"""The selective, non-covalent, often stoichiometric, interaction of a molecule with one or more specific sites on another molecule."" [GOC:ceb, GOC:mah, ISBN:0198506732]"	14966	133	108	22878	0.8120300751879699	0.007216357076039022	query_1	['GO:0003674']	16hr_Monosome_up	3.1653261515198667
GO:MF	GO:1901265	nucleoside phosphate binding	0.0006875747760032925	True	"""Binding to nucleoside phosphate."" [GOC:TermGenie]"	3179	133	36	22878	0.2706766917293233	0.011324315822585718	query_1	['GO:0005488']	16hr_Monosome_up	3.1626800639854467
GO:MF	GO:0016679	oxidoreductase activity, acting on diphenols and related substances as donors	0.0007025577468747961	True	"""Catalysis of an oxidation-reduction (redox) reaction in which a diphenol or related substance acts as a hydrogen or electron donor and reduces a hydrogen or electron acceptor."" [GOC:ai]"	35	133	4	22878	0.03007518796992481	0.11428571428571428	query_1	['GO:0016491']	16hr_Monosome_up	3.153317973033772
GO:MF	GO:0042910	xenobiotic transmembrane transporter activity	0.0009108802955685436	True	"""Enables the directed movement of a xenobiotic from one side of a membrane to the other. A xenobiotic is a compound foreign to the organism exposed to it. It may be synthesized by another organism (like ampicilin) or it can be a synthetic chemical."" [GOC:go_curators, GOC:krc]"	73	133	5	22878	0.03759398496240601	0.0684931506849315	query_1	['GO:0022857']	16hr_Monosome_up	3.0405386926097204
GO:MF	GO:0043168	anion binding	0.001076103127773254	True	"""Binding to an anion, a charged atom or group of atoms with a net negative charge."" [GOC:jl]"	3268	133	36	22878	0.2706766917293233	0.011015911872705019	query_1	['GO:0043167']	16hr_Monosome_up	2.968146106293535
GO:MF	GO:0000166	nucleotide binding	0.0012565549496434622	True	"""Binding to a nucleotide, any compound consisting of a nucleoside that is esterified with (ortho)phosphate or an oligophosphate at any hydroxyl group on the ribose or deoxyribose."" [GOC:mah, ISBN:0198547684]"	3173	133	35	22878	0.2631578947368421	0.011030570438071227	query_1	['GO:1901265', 'GO:1901363']	16hr_Monosome_up	2.9008185147871774
GO:MF	GO:0016722	oxidoreductase activity, acting on metal ions	0.0012565549496434622	True	"""Catalysis of an oxidation-reduction in which the oxidation state of metal ion is altered."" [GOC:mah]"	16	133	3	22878	0.022556390977443608	0.1875	query_1	['GO:0016491']	16hr_Monosome_up	2.9008185147871774
GO:MF	GO:0005509	calcium ion binding	0.0016596952728643779	True	"""Binding to a calcium ion (Ca2+)."" [GOC:ai]"	260	133	8	22878	0.06015037593984962	0.03076923076923077	query_1	['GO:0046872']	16hr_Monosome_up	2.7799716429611245
GO:MF	GO:0042626	ATPase-coupled transmembrane transporter activity	0.0018589125130641583	True	"""Primary active transporter of a solute across a membrane, via the reaction: ATP + H2O = ADP + phosphate, to directly drive the transport of a substance across a membrane. The transport protein may be transiently phosphorylated (P-type transporters), or not (ABC-type transporters and other families of transporters). Primary active transport occurs up the solute's concentration gradient and is driven by a primary energy source."" [GOC:mtg_transport, ISBN:0815340729]"	199	133	7	22878	0.05263157894736842	0.035175879396984924	query_1	['GO:0015399', 'GO:0140657']	16hr_Monosome_up	2.730741049167075
GO:MF	GO:0032559	adenyl ribonucleotide binding	0.0025053418193659136	True	"""Binding to an adenyl ribonucleotide, any compound consisting of adenosine esterified with (ortho)phosphate or an oligophosphate at any hydroxyl group on the ribose moiety."" [GOC:mah]"	2521	133	29	22878	0.21804511278195488	0.011503371677905593	query_1	['GO:0030554', 'GO:0032555']	16hr_Monosome_up	2.601133012257028
GO:MF	GO:0030554	adenyl nucleotide binding	0.0025053418193659136	True	"""Binding to an adenyl nucleotide, an adenosine esterified with (ortho)phosphate."" [ISBN:0198506732]"	2651	133	30	22878	0.22556390977443608	0.011316484345529988	query_1	['GO:0017076']	16hr_Monosome_up	2.601133012257028
GO:MF	GO:0005524	ATP binding	0.002562533868277875	True	"""Binding to ATP, adenosine 5'-triphosphate, a universally important coenzyme and enzyme regulator."" [ISBN:0198506732]"	2409	133	28	22878	0.21052631578947367	0.011623080116230802	query_1	['GO:0032559', 'GO:0035639']	16hr_Monosome_up	2.5913303859521926
GO:MF	GO:0022804	active transmembrane transporter activity	0.002562533868277875	True	"""Enables the transfer of a specific substance or related group of substances from one side of a membrane to the other, up the solute's concentration gradient. The transporter binds the solute and undergoes a series of conformational changes. Transport works equally well in either direction."" [GOC:mtg_transport, ISBN:0815340729]"	527	133	11	22878	0.08270676691729323	0.020872865275142316	query_1	['GO:0022857']	16hr_Monosome_up	2.5913303859521926
GO:MF	GO:0140359	ABC-type transporter activity	0.003675945742068488	True	"""Primary active transporter characterized by two nucleotide-binding domains and two transmembrane domains. Uses the energy generated from ATP hydrolysis to drive the transport of a substance across a membrane."" [PMID:26517899]"	106	133	5	22878	0.03759398496240601	0.04716981132075472	query_1	['GO:0042626']	16hr_Monosome_up	2.43463090754005
GO:MF	GO:0016175	superoxide-generating NAD(P)H oxidase activity	0.004280725343176997	True	"""Catalysis of the reaction: NAD(P)H + O2 = NAD(P)H + O2-."" [GOC:ai, PMID:10806195]"	6	133	2	22878	0.015037593984962405	0.3333333333333333	query_1	['GO:0050664']	16hr_Monosome_up	2.368482636162235
GO:MF	GO:0106292	superoxide-generating NADPH oxidase activity	0.004280725343176997	True	"""Catalysis of the reaction: NADPH + 2 O2 = H+ + NADP+ + 2 superoxide."" [RHEA:63180]"	6	133	2	22878	0.015037593984962405	0.3333333333333333	query_1	['GO:0016175']	16hr_Monosome_up	2.368482636162235
GO:MF	GO:0102721	ubiquinol:oxygen oxidoreductase activity	0.004280725343176997	True	"""Catalysis of the reaction: O2 + 2 an ubiquinol = 2 H2O + 2 an ubiquinone."" [GOC:pz, RHEA:30255]"	6	133	2	22878	0.015037593984962405	0.3333333333333333	query_1	['GO:0016682']	16hr_Monosome_up	2.368482636162235
GO:MF	GO:0097367	carbohydrate derivative binding	0.0044337424865061575	True	"""Binding to a carbohydrate derivative."" [GOC:pr]"	2907	133	31	22878	0.23308270676691728	0.010663914688682491	query_1	['GO:0005488']	16hr_Monosome_up	2.3532295344820375
GO:MF	GO:0015399	primary active transmembrane transporter activity	0.0045810126673601	True	"""Enables the transfer of a solute from one side of a membrane to the other, up the solute's concentration gradient, by binding the solute and undergoing a series of conformational changes. Transport works equally well in either direction and is powered by a primary energy source. Primary energy sources known to be coupled to transport are chemical such as ATP hydrolysis, redox energy and photon energy."" [GOC:mtg_transport, PMID:31613498]"	243	133	7	22878	0.05263157894736842	0.02880658436213992	query_1	['GO:0022804']	16hr_Monosome_up	2.339038507316476
GO:MF	GO:0017076	purine nucleotide binding	0.0060661558285773284	True	"""Binding to a purine nucleotide, a compound consisting of a purine nucleoside esterified with (ortho)phosphate."" [GOC:ai]"	2971	133	31	22878	0.23308270676691728	0.010434197239986537	query_1	['GO:0000166']	16hr_Monosome_up	2.2170864376419037
GO:MF	GO:0032555	purine ribonucleotide binding	0.0060661558285773284	True	"""Binding to a purine ribonucleotide, any compound consisting of a purine ribonucleoside that is esterified with (ortho)phosphate or an oligophosphate at any hydroxyl group on the ribose moiety."" [GOC:mah]"	2841	133	30	22878	0.22556390977443608	0.010559662090813094	query_1	['GO:0017076', 'GO:0032553']	16hr_Monosome_up	2.2170864376419037
GO:MF	GO:0035639	purine ribonucleoside triphosphate binding	0.006411711760289537	True	"""Binding to a purine ribonucleoside triphosphate, a compound consisting of a purine base linked to a ribose sugar esterified with triphosphate on the sugar."" [GOC:BHF, GOC:ebc, ISBN:0198506732]"	2722	133	29	22878	0.21804511278195488	0.0106539309331374	query_1	['GO:0043168', 'GO:1901265', 'GO:1901363']	16hr_Monosome_up	2.1930260096693344
GO:MF	GO:0032553	ribonucleotide binding	0.006629695434271901	True	"""Binding to a ribonucleotide, any compound consisting of a ribonucleoside that is esterified with (ortho)phosphate or an oligophosphate at any hydroxyl group on the ribose moiety."" [GOC:mah]"	2865	133	30	22878	0.22556390977443608	0.010471204188481676	query_1	['GO:0000166', 'GO:0097367']	16hr_Monosome_up	2.178506422462993
GO:MF	GO:0080046	quercetin 4'-O-glucosyltransferase activity	0.006638997950087926	True	"""Catalysis of the transfer of a glucosyl group from UDP-glucose to the 4'-hydroxy group of a quercetin molecule."" [PMID:15352060]"	8	133	2	22878	0.015037593984962405	0.25	query_1	['GO:0035251']	16hr_Monosome_up	2.1778974654494254
GO:MF	GO:0071949	FAD binding	0.0068149890512631045	True	"""Binding to the oxidized form, FAD, of flavin-adenine dinucleotide, the coenzyme or the prosthetic group of various flavoprotein oxidoreductase enzymes."" [GOC:mah]"	75	133	4	22878	0.03007518796992481	0.05333333333333334	query_1	['GO:0050660']	16hr_Monosome_up	2.1665348375519544
GO:MF	GO:0046872	metal ion binding	0.011027460366852211	True	"""Binding to a metal ion."" [GOC:ai]"	3948	133	37	22878	0.2781954887218045	0.009371833839918946	query_1	['GO:0043169']	16hr_Monosome_up	1.9575244944190464
GO:MF	GO:0043169	cation binding	0.011454461932228831	True	"""Binding to a cation, a charged atom or group of atoms with a net positive charge."" [GOC:jl]"	3961	133	37	22878	0.2781954887218045	0.009341075485988387	query_1	['GO:0043167']	16hr_Monosome_up	1.941025306767235
GO:MF	GO:0140326	ATPase-coupled intramembrane lipid transporter activity	0.014100571211612005	True	"""Catalysis of the movement of lipids from one membrane leaflet to the other, driven by ATP hydrolysis. This includes flippases and floppases."" [PMID:16828084]"	12	133	2	22878	0.015037593984962405	0.16666666666666666	query_1	['GO:0140303', 'GO:0140657']	16hr_Monosome_up	1.850763293796655
GO:MF	GO:0016491	oxidoreductase activity	0.014511159140444804	True	"""Catalysis of an oxidation-reduction (redox) reaction, a reversible chemical reaction in which the oxidation state of an atom or atoms within a molecule is altered. One substrate acts as a hydrogen or electron donor and becomes oxidized, while the other acts as hydrogen or electron acceptor and becomes reduced."" [EC:1.-.-.-]"	1475	133	18	22878	0.13533834586466165	0.012203389830508475	query_1	['GO:0003824']	16hr_Monosome_up	1.8382978950610611
GO:MF	GO:0015562	efflux transmembrane transporter activity	0.015604918901559853	True	"""Enables the transfer of a specific substance or related group of substances from the inside of the cell to the outside of the cell across a membrane."" [GOC:ai, GOC:mtg_transport, ISBN:0815340729]"	13	133	2	22878	0.015037593984962405	0.15384615384615385	query_1	['GO:0022857']	16hr_Monosome_up	1.806738484012206
GO:MF	GO:0140303	intramembrane lipid transporter activity	0.015604918901559853	True	"""Enables the transport of a lipid from a region of a membrane to a different region on the same membrane."" [PMID:16828084]"	13	133	2	22878	0.015037593984962405	0.15384615384615385	query_1	['GO:0005319']	16hr_Monosome_up	1.806738484012206
GO:MF	GO:0008559	ABC-type xenobiotic transporter activity	0.020438587076262976	True	"""Catalysis of the reaction: ATP + H2O + xenobiotic(in) = ADP + phosphate + xenobiotic(out)."" [EC:7.6.2.2]"	15	133	2	22878	0.015037593984962405	0.13333333333333333	query_1	['GO:0042910', 'GO:0140359']	16hr_Monosome_up	1.6895491303666723
GO:MF	GO:0005215	transporter activity	0.022126251193816147	True	"""Enables the directed movement of substances (such as macromolecules, small molecules, ions) into, out of or within a cell, accross or in between cells."" [GOC:ai, GOC:dgf]"	1183	133	15	22878	0.11278195488721804	0.01267962806424345	query_1	['GO:0003674']	16hr_Monosome_up	1.655092161479576
GO:MF	GO:0140328	floppase activity	0.02443218198528793	True	"""Catalysis of the movement of a lipid from the cytosolic to the exoplasmic leaflet of a membrane, using energy from the hydrolysis of ATP."" [PMID:20043909, PMID:25284293, Wikipedia:Flippase]"	1	133	1	22878	0.007518796992481203	1.0	query_1	['GO:0140326']	16hr_Monosome_up	1.6120377453944
GO:MF	GO:0140333	glycerophospholipid flippase activity	0.02443218198528793	True	"""Catalysis of the movement of a glycerophospholipid from the exoplasmic to the cytosolic leaflet of a membrane, using energy from the hydrolysis of ATP."" [PMID:26212235]"	1	133	1	22878	0.007518796992481203	1.0	query_1	['GO:0005548', 'GO:0140327']	16hr_Monosome_up	1.6120377453944
GO:MF	GO:0005506	iron ion binding	0.02443218198528793	True	"""Binding to an iron (Fe) ion."" [GOC:ai]"	354	133	7	22878	0.05263157894736842	0.01977401129943503	query_1	['GO:0046914']	16hr_Monosome_up	1.6120377453944
GO:MF	GO:0008525	phosphatidylcholine transporter activity	0.02443218198528793	True	"""Enables the directed movement of phosphatidylcholine into, out of or within a cell, or between cells. Phosphatidylcholine refers to a class of glycerophospholipids in which the phosphatidyl group is esterified to the hydroxyl group of choline."" [GOC:ai, ISBN:0198506732]"	1	133	1	22878	0.007518796992481203	1.0	query_1	['GO:0005548']	16hr_Monosome_up	1.6120377453944
GO:MF	GO:0090554	phosphatidylcholine floppase activity	0.02443218198528793	True	"""Catalysis of the movement of phosphatidylcholine from the cytosolic to the exoplasmic leaflet of a membrane, using energy from the hydrolysis of ATP."" [GOC:ab, PMID:16452632, RHEA:38583]"	1	133	1	22878	0.007518796992481203	1.0	query_1	['GO:0008525', 'GO:0140328']	16hr_Monosome_up	1.6120377453944
GO:MF	GO:0047634	agmatine N4-coumaroyltransferase activity	0.02443218198528793	True	"""Catalysis of the reaction: 4-coumaroyl-CoA + agmatine = N-(4-guanidiniumylbutyl)-4-hydroxycinnamamide + CoA + H+."" [EC:2.3.1.64, RHEA:13405]"	1	133	1	22878	0.007518796992481203	1.0	query_1	['GO:0016747']	16hr_Monosome_up	1.6120377453944
GO:MF	GO:0005358	high-affinity D-glucose:proton symporter activity	0.02443218198528793	True	"""Enables the transfer of a solute or solutes from one side of a membrane to the other according to the reaction: glucose + H+ = glucose + H+. This activity is constitutive and therefore always present, regardless of demand. Symporter activity enables the active transport of a solute across a membrane by a mechanism whereby two or more species are transported together in the same direction in a tightly coupled process not directly linked to a form of energy other than chemiosmotic energy. In high-affinity transport the transporter is able to bind the solute even if it is only present at very low concentrations."" [GOC:mtg_transport]"	1	133	1	22878	0.007518796992481203	1.0	query_1	['GO:0005356']	16hr_Monosome_up	1.6120377453944
GO:MF	GO:0010290	chlorophyll catabolite transmembrane transporter activity	0.02443218198528793	True	"""Enables the directed movement of chlorophyll catabolites such as non-fluorescent chlorophyll catabolites (NCCs), from one side of a membrane to the other."" [PMID:9681016]"	1	133	1	22878	0.007518796992481203	1.0	query_1	['GO:0022857']	16hr_Monosome_up	1.6120377453944
GO:MF	GO:0140376	innate immune receptor activity	0.02443218198528793	True	"""Receiving a signal and transmitting it in a cell to initiate an innate immune response."" [PMID:28921463, PMID:31415752]"	1	133	1	22878	0.007518796992481203	1.0	query_1	['GO:0140375']	16hr_Monosome_up	1.6120377453944
GO:MF	GO:0005483	soluble NSF attachment protein activity	0.02443218198528793	True	"""Binding to both N-ethylmaleimide-sensitive fusion protein (NSF) and a cis-SNARE complex (i.e. a SNARE complex in which all proteins are associated with the same membrane) and increasing the ATPase activity of NSF, thereby allowing ATP hydrolysis by NSF to disassemble the cis-SNARE complex."" [GOC:mah, PMID:14570579, PMID:15556857]"	1	133	1	22878	0.007518796992481203	1.0	query_1	['GO:0030674']	16hr_Monosome_up	1.6120377453944
GO:MF	GO:0010298	dihydrocamalexic acid decarboxylase activity	0.02443218198528793	True	"""Catalysis of the reaction: dihydrocamalexic acid = camalexin + CO2 + H+."" [MetaCyc:RXN-8275, PMID:16766671]"	1	133	1	22878	0.007518796992481203	1.0	query_1	['GO:0016831']	16hr_Monosome_up	1.6120377453944
GO:MF	GO:0061666	UFM1 ligase activity	0.02443218198528793	True	"""Catalysis of the transfer of UFM1 to a substrate protein via the reaction X-UFM1 + S = X + S-UFM1, where X is either an E2 or E3 enzyme, the X-UFM1 linkage is a thioester bond, and the S-UFM1 linkage is an isopeptide bond between the C-terminal amino acid of UFM1 and the epsilon-amino group of lysine residues in the substrate."" [GOC:dph]"	1	133	1	22878	0.007518796992481203	1.0	query_1	['GO:0061659', 'GO:0071568']	16hr_Monosome_up	1.6120377453944
GO:MF	GO:0047165	flavonol-3-O-beta-glucoside O-malonyltransferase activity	0.02443218198528793	True	"""Catalysis of the reaction: flavonol 3-O-beta-D-glucoside + malonyl-CoA = malonyl-flavonol 3-O-beta-D-glucoside + CoA."" [EC:2.3.1.116, MetaCyc:2.3.1.116-RXN]"	1	133	1	22878	0.007518796992481203	1.0	query_1	['GO:0050736']	16hr_Monosome_up	1.6120377453944
GO:MF	GO:0055056	D-glucose transmembrane transporter activity	0.02443218198528793	True	"""Enables the transfer of the D-enantiomer of the hexose monosaccharide glucose from one side of a membrane to the other."" [GOC:jid, GOC:jsg, GOC:mah]"	1	133	1	22878	0.007518796992481203	1.0	query_1	['GO:0015149']	16hr_Monosome_up	1.6120377453944
GO:MF	GO:0005356	D-glucose:proton symporter activity	0.02443218198528793	True	"""Enables the transfer of a solute or solutes from one side of a membrane to the other according to the reaction: D-glucose + H+ = D-glucose + H+. Symporter activity enables the active transport of a solute across a membrane by a mechanism whereby two or more species are transported together in the same direction in a tightly coupled process not directly linked to a form of energy other than chemiosmotic energy."" [GOC:mtg_transport]"	1	133	1	22878	0.007518796992481203	1.0	query_1	['GO:0009679', 'GO:0055056']	16hr_Monosome_up	1.6120377453944
GO:MF	GO:0051539	4 iron, 4 sulfur cluster binding	0.02443218198528793	True	"""Binding to a 4 iron, 4 sulfur (4Fe-4S) cluster; this cluster consists of four iron atoms, with the inorganic sulfur atoms found between the irons and acting as bridging ligands."" [GOC:ai, PMID:15952888, Wikipedia:Iron-sulfur_cluster]"	62	133	3	22878	0.022556390977443608	0.04838709677419355	query_1	['GO:0051536']	16hr_Monosome_up	1.6120377453944
GO:MF	GO:0015431	ABC-type glutathione S-conjugate transporter activity	0.02443218198528793	True	"""Catalysis of the reaction: ATP + H2O + glutathione S-conjugate(in) -> ADP + phosphate + glutathione S-conjugate(out)."" [GOC:jl, PMID:1455517, RHEA:19121]"	1	133	1	22878	0.007518796992481203	1.0	query_1	['GO:0140359', 'GO:1901682']	16hr_Monosome_up	1.6120377453944
GO:MF	GO:0050664	oxidoreductase activity, acting on NAD(P)H, oxygen as acceptor	0.02443218198528793	True	"""Catalysis of an oxidation-reduction (redox) reaction in which NADH or NADPH acts as a hydrogen or electron donor and reduces an oxygen molecule."" [EC:1.6.3.-]"	17	133	2	22878	0.015037593984962405	0.11764705882352941	query_1	['GO:0016651']	16hr_Monosome_up	1.6120377453944
GO:MF	GO:0004698	calcium,diacylglycerol-dependent serine/threonine kinase activity	0.02443218198528793	True	"""Calcium-dependent catalysis of the reaction: ATP + a protein = ADP + a phosphoprotein. This reaction is activated in the presence of diacylglycerol and calcium."" [PMID:34834162]"	1	133	1	22878	0.007518796992481203	1.0	query_1	['GO:0004697', 'GO:0009931']	16hr_Monosome_up	1.6120377453944
GO:MF	GO:0004697	diacylglycerol-dependent serine/threonine kinase activity	0.02443218198528793	True	"""Catalysis of the reaction: ATP + a protein = ADP + a phosphoprotein. This reaction requires diacylglycerol."" [EC:2.7.11.13]"	1	133	1	22878	0.007518796992481203	1.0	query_1	['GO:0004674']	16hr_Monosome_up	1.6120377453944
GO:MF	GO:0140375	immune receptor activity	0.02443218198528793	True	"""Receiving a signal and transmitting it in a cell to initiate an immune response."" [PMID:31415752, Wikipedia:Immune_receptor]"	1	133	1	22878	0.007518796992481203	1.0	query_1	['GO:0038023']	16hr_Monosome_up	1.6120377453944
GO:MF	GO:0080044	quercetin 7-O-glucosyltransferase activity	0.02443218198528793	True	"""Catalysis of the transfer of a glucosyl group from UDP-glucose to the 7-hydroxy group of a quercetin molecule."" [PMID:15352060]"	17	133	2	22878	0.015037593984962405	0.11764705882352941	query_1	['GO:0035251']	16hr_Monosome_up	1.6120377453944
GO:MF	GO:0000287	magnesium ion binding	0.03870297408139969	True	"""Binding to a magnesium (Mg) ion."" [GOC:ai]"	141	133	4	22878	0.03007518796992481	0.028368794326241134	query_1	['GO:0046872']	16hr_Monosome_up	1.4122556608851555
GO:MF	GO:0009703	nitrate reductase (NADH) activity	0.04192477794973888	True	"""Catalysis of the reaction: nitrite + NAD+ + H2O = nitrate + NADH + H+."" [RHEA:17913]"	2	133	1	22878	0.007518796992481203	0.5	query_1	['GO:0050463']	16hr_Monosome_up	1.3775292289117034
GO:MF	GO:0009679	hexose:proton symporter activity	0.04192477794973888	True	"""Enables the transfer of a solute or solutes from one side of a membrane to the other according to the reaction: hexose(out) + H+(out) = hexose(in) + H+(in)."" [TC:2.A.1.-.-]"	2	133	1	22878	0.007518796992481203	0.5	query_1	['GO:0005351', 'GO:0015149']	16hr_Monosome_up	1.3775292289117034
GO:MF	GO:0071568	UFM1 transferase activity	0.04192477794973888	True	"""Catalysis of the transfer of UFM1 from one protein to another via the reaction X-UFM1 + Y = Y-UFM1 + X, where both X-UFM1 and Y-UFM1 are covalent linkages."" [GOC:sp, PMID:20018847]"	2	133	1	22878	0.007518796992481203	0.5	query_1	['GO:0019787']	16hr_Monosome_up	1.3775292289117034
GO:MF	GO:0016651	oxidoreductase activity, acting on NAD(P)H	0.04192477794973888	True	"""Catalysis of an oxidation-reduction (redox) reaction in which NADH or NADPH acts as a hydrogen or electron donor and reduces a hydrogen or electron acceptor."" [GOC:ai]"	78	133	3	22878	0.022556390977443608	0.038461538461538464	query_1	['GO:0016491']	16hr_Monosome_up	1.3775292289117034
GO:MF	GO:0017077	oxidative phosphorylation uncoupler activity	0.04192477794973888	True	"""Enables the transfer of protons from mitochondrial intermembrane space into mitochondrial matrix, dissipating the proton gradient across the mitochondrial inner membrane established by the electron transport chain during the oxidative phosphorylation (proton leak). Proton leak uncouples the processes of electron transport/proton generation and ATP synthesis."" [PMID:15738989, PMID:16179945]"	2	133	1	22878	0.007518796992481203	0.5	query_1	['GO:0022857']	16hr_Monosome_up	1.3775292289117034
GO:MF	GO:0017151	DEAD/H-box RNA helicase binding	0.04192477794973888	True	"""Binding to a DEAD/H-box RNA helicase."" [GOC:jl]"	2	133	1	22878	0.007518796992481203	0.5	query_1	['GO:0019899']	16hr_Monosome_up	1.3775292289117034
GO:MF	GO:0043546	molybdopterin cofactor binding	0.04192477794973888	True	"""Binding to a molybdopterin cofactor (Moco), essential for the catalytic activity of some enzymes, e.g. sulfite oxidase, xanthine dehydrogenase, and aldehyde oxidase. The cofactor consists of a mononuclear molybdenum (Mo-molybdopterin) or tungsten ion (W-molybdopterin) coordinated by one or two molybdopterin ligands."" [ISSN:09498257]"	2	133	1	22878	0.007518796992481203	0.5	query_1	['GO:0005488']	16hr_Monosome_up	1.3775292289117034
GO:MF	GO:0050464	nitrate reductase (NADPH) activity	0.04192477794973888	True	"""Catalysis of the reaction: nitrite + NADP+ + H2O = nitrate + NADPH + H+."" [RHEA:19061]"	2	133	1	22878	0.007518796992481203	0.5	query_1	['GO:0050463']	16hr_Monosome_up	1.3775292289117034
GO:MF	GO:0050463	nitrate reductase [NAD(P)H] activity	0.04192477794973888	True	"""Catalysis of the reaction: nitrite + NAD(P)+ + H2O = nitrate + NAD(P)H + H+."" [EC:1.7.1.2]"	2	133	1	22878	0.007518796992481203	0.5	query_1	['GO:0008940', 'GO:0046857']	16hr_Monosome_up	1.3775292289117034
GO:MF	GO:0080118	brassinosteroid sulfotransferase activity	0.04192477794973888	True	"""Catalysis of the reaction: a brassinosteroid + 3'-phosphoadenosine-5'-phosphosulfate = sulfated brassinosteroid + adenosine-3',5'-diphosphate. This reaction is the transfer of a sulfate group to the hydroxyl group of a brassinosteroid acceptor, producing the sulfated brassinosteroid derivative."" [PMID:10409637, PMID:17039368]"	2	133	1	22878	0.007518796992481203	0.5	query_1	['GO:0008146']	16hr_Monosome_up	1.3775292289117034
GO:MF	GO:0052638	indole-3-butyrate beta-glucosyltransferase activity	0.04192477794973888	True	"""Catalysis of the reaction: indole-3-butyrate + UDP-D-glucose = indole-3-butyryl-beta-1-D-glucose + UDP."" [MetaCyc:RXN-11655, RHEA:62708]"	2	133	1	22878	0.007518796992481203	0.5	query_1	['GO:0035251']	16hr_Monosome_up	1.3775292289117034
GO:MF	GO:0003953	NAD+ nucleosidase activity	0.04393259148862576	True	"""Catalysis of the reaction: NAD+ + H2O = ADP-D-ribose + nicotinamide + H+."" [PMID:11866528, PMID:7805847, RHEA:16301]"	29	133	2	22878	0.015037593984962405	0.06896551724137931	query_1	['GO:0016799']	16hr_Monosome_up	1.3572131778861722
GO:MF	GO:0061809	NAD+ nucleosidase activity, cyclic ADP-ribose generating	0.045839347740702543	True	"""Catalysis of the reaction: NAD+ + H2O = ADP-D-ribose + nicotinamide + H+, in a two step reaction: first an ADP-ribosyl cyclase reaction to synthesise cyclic ADP-ribose, followed by a cyclic ADP-ribose hydrolase reaction to generate (linear) ADP-ribose."" [EC:3.2.2.6, PMID:11866528]"	30	133	2	22878	0.015037593984962405	0.06666666666666667	query_1	['GO:0016799']	16hr_Monosome_up	1.3387615706791705
GO:MF	GO:0050135	NADP+ nucleosidase activity	0.045839347740702543	True	"""Catalysis of the reaction: NADP+ + H2O = ADP-D-ribose 2'-phosphate + nicotinamide + H+."" [RHEA:19849]"	30	133	2	22878	0.015037593984962405	0.06666666666666667	query_1	['GO:0016799']	16hr_Monosome_up	1.3387615706791705
GO:MF	GO:0003824	catalytic activity	0.0459632126625329	True	"""Catalysis of a biochemical reaction at physiological temperatures. In biologically catalyzed reactions, the reactants are known as substrates, and the catalysts are naturally occurring macromolecular substances known as enzymes. Enzymes possess specific binding sites for substrates, and are usually composed wholly or largely of protein, but RNA that has catalytic activity (ribozyme) is often also regarded as enzymatic."" [GOC:vw, ISBN:0198506732]"	9606	133	69	22878	0.518796992481203	0.007183010618363523	query_1	['GO:0003674']	16hr_Monosome_up	1.3375896233073394
GO:MF	GO:0050660	flavin adenine dinucleotide binding	0.046877988680384376	True	"""Binding to FAD, flavin-adenine dinucleotide, the coenzyme or the prosthetic group of various flavoprotein oxidoreductase enzymes, in either the oxidized form, FAD, or the reduced form, FADH2."" [GOC:ai, GOC:imk, ISBN:0198506732]"	158	133	4	22878	0.03007518796992481	0.02531645569620253	query_1	['GO:0000166', 'GO:0043168']	16hr_Monosome_up	1.329031030175742
GO:MF	GO:0016887	ATP hydrolysis activity	0.00046382872140859324	True	"""Catalysis of the reaction: ATP + H2O = ADP + H+ phosphate. ATP hydrolysis is used in some reactions as an energy source, for example to catalyze a reaction or drive transport against a concentration gradient."" [RHEA:13065]"	552	122	14	22878	0.11475409836065574	0.025362318840579712	query_1	['GO:0017111', 'GO:0140657']	16hr_Disome_up	3.3336423622891047
GO:MF	GO:0043531	ADP binding	0.0007032589742546609	True	"""Binding to ADP, adenosine 5'-diphosphate."" [GOC:jl]"	175	122	8	22878	0.06557377049180328	0.045714285714285714	query_1	['GO:0032559', 'GO:0043168']	16hr_Disome_up	3.1528847171159637
GO:MF	GO:0032559	adenyl ribonucleotide binding	0.0018320793473001252	True	"""Binding to an adenyl ribonucleotide, any compound consisting of adenosine esterified with (ortho)phosphate or an oligophosphate at any hydroxyl group on the ribose moiety."" [GOC:mah]"	2521	122	29	22878	0.23770491803278687	0.011503371677905593	query_1	['GO:0030554', 'GO:0032555']	16hr_Disome_up	2.737055720980202
GO:MF	GO:0017111	ribonucleoside triphosphate phosphatase activity	0.0018320793473001252	True	"""Catalysis of the reaction: a ribonucleoside triphosphate + H2O = a ribonucleoside diphosphate + H+ + phosphate."" [RHEA:23680]"	850	122	15	22878	0.12295081967213115	0.01764705882352941	query_1	['GO:0016462']	16hr_Disome_up	2.737055720980202
GO:MF	GO:0016818	hydrolase activity, acting on acid anhydrides, in phosphorus-containing anhydrides	0.0018320793473001252	True	"""Catalysis of the hydrolysis of any acid anhydride which contains phosphorus."" [GOC:jl]"	922	122	16	22878	0.13114754098360656	0.01735357917570499	query_1	['GO:0016817']	16hr_Disome_up	2.737055720980202
GO:MF	GO:0016817	hydrolase activity, acting on acid anhydrides	0.0018320793473001252	True	"""Catalysis of the hydrolysis of any acid anhydride."" [GOC:jl]"	927	122	16	22878	0.13114754098360656	0.017259978425026967	query_1	['GO:0016787']	16hr_Disome_up	2.737055720980202
GO:MF	GO:0016462	pyrophosphatase activity	0.0018320793473001252	True	"""Catalysis of the hydrolysis of a pyrophosphate bond (diphosphate bond) between two phosphate groups."" [GOC:curators, https://en.wikipedia.org/wiki/Pyrophosphatase]"	913	122	16	22878	0.13114754098360656	0.017524644030668127	query_1	['GO:0016818']	16hr_Disome_up	2.737055720980202
GO:MF	GO:0030554	adenyl nucleotide binding	0.0018320793473001252	True	"""Binding to an adenyl nucleotide, an adenosine esterified with (ortho)phosphate."" [ISBN:0198506732]"	2651	122	30	22878	0.2459016393442623	0.011316484345529988	query_1	['GO:0017076']	16hr_Disome_up	2.737055720980202
GO:MF	GO:0032555	purine ribonucleotide binding	0.0018406526392398827	True	"""Binding to a purine ribonucleotide, any compound consisting of a purine ribonucleoside that is esterified with (ortho)phosphate or an oligophosphate at any hydroxyl group on the ribose moiety."" [GOC:mah]"	2841	122	31	22878	0.2540983606557377	0.010911650827173531	query_1	['GO:0017076', 'GO:0032553']	16hr_Disome_up	2.735028162117936
GO:MF	GO:0017076	purine nucleotide binding	0.0018406526392398827	True	"""Binding to a purine nucleotide, a compound consisting of a purine nucleoside esterified with (ortho)phosphate."" [GOC:ai]"	2971	122	32	22878	0.26229508196721313	0.010770784247728038	query_1	['GO:0000166']	16hr_Disome_up	2.735028162117936
GO:MF	GO:0140657	ATP-dependent activity	0.0018406526392398827	True	"""A molecular function characterized by the coupling of ATP hydrolysis to other steps of a reaction mechanism to make the reaction energetically favorable, for example to catalyze a reaction or drive transport against a concentration gradient."" [PMID:24878343, PMID:25750732, PMID:32933017, PMID:33818025, PMID:33873056, PMID:33988324]"	867	122	15	22878	0.12295081967213115	0.01730103806228374	query_1	['GO:0003674']	16hr_Disome_up	2.735028162117936
GO:MF	GO:0032553	ribonucleotide binding	0.001977829341481413	True	"""Binding to a ribonucleotide, any compound consisting of a ribonucleoside that is esterified with (ortho)phosphate or an oligophosphate at any hydroxyl group on the ribose moiety."" [GOC:mah]"	2865	122	31	22878	0.2540983606557377	0.010820244328097731	query_1	['GO:0000166', 'GO:0097367']	16hr_Disome_up	2.7038111845540063
GO:MF	GO:1901265	nucleoside phosphate binding	0.002078069432829911	True	"""Binding to nucleoside phosphate."" [GOC:TermGenie]"	3179	122	33	22878	0.27049180327868855	0.010380622837370242	query_1	['GO:0005488']	16hr_Disome_up	2.6823399458110226
GO:MF	GO:0097367	carbohydrate derivative binding	0.002078069432829911	True	"""Binding to a carbohydrate derivative."" [GOC:pr]"	2907	122	31	22878	0.2540983606557377	0.010663914688682491	query_1	['GO:0005488']	16hr_Disome_up	2.6823399458110226
GO:MF	GO:0000166	nucleotide binding	0.002078069432829911	True	"""Binding to a nucleotide, any compound consisting of a nucleoside that is esterified with (ortho)phosphate or an oligophosphate at any hydroxyl group on the ribose or deoxyribose."" [GOC:mah, ISBN:0198547684]"	3173	122	33	22878	0.27049180327868855	0.010400252127324299	query_1	['GO:1901265', 'GO:1901363']	16hr_Disome_up	2.6823399458110226
GO:MF	GO:0022804	active transmembrane transporter activity	0.0023511497354330372	True	"""Enables the transfer of a specific substance or related group of substances from one side of a membrane to the other, up the solute's concentration gradient. The transporter binds the solute and undergoes a series of conformational changes. Transport works equally well in either direction."" [GOC:mtg_transport, ISBN:0815340729]"	527	122	11	22878	0.09016393442622951	0.020872865275142316	query_1	['GO:0022857']	16hr_Disome_up	2.6287197114954175
GO:MF	GO:0005516	calmodulin binding	0.002536329047952098	True	"""Binding to calmodulin, a calcium-binding protein with many roles, both in the calcium-bound and calcium-free states."" [GOC:krc]"	211	122	7	22878	0.05737704918032787	0.03317535545023697	query_1	['GO:0005515']	16hr_Disome_up	2.595794404402392
GO:MF	GO:0030619	U1 snRNA binding	0.0027153251215124154	True	"""Binding to a U1 small nuclear RNA (U1 snRNA)."" [GOC:mah]"	4	122	2	22878	0.01639344262295082	0.5	query_1	['GO:0017069']	16hr_Disome_up	2.5661781623826116
GO:MF	GO:0043168	anion binding	0.0027153251215124154	True	"""Binding to an anion, a charged atom or group of atoms with a net negative charge."" [GOC:jl]"	3268	122	33	22878	0.27049180327868855	0.010097919216646267	query_1	['GO:0043167']	16hr_Disome_up	2.5661781623826116
GO:MF	GO:1901363	heterocyclic compound binding	0.0031358428761813213	True	"""Binding to heterocyclic compound."" [GOC:TermGenie]"	3307	122	33	22878	0.27049180327868855	0.009978832778953735	query_1	['GO:0036094']	16hr_Disome_up	2.503645706101425
GO:MF	GO:0102721	ubiquinol:oxygen oxidoreductase activity	0.005568623141587748	True	"""Catalysis of the reaction: O2 + 2 an ubiquinol = 2 H2O + 2 an ubiquinone."" [GOC:pz, RHEA:30255]"	6	122	2	22878	0.01639344262295082	0.3333333333333333	query_1	['GO:0016682']	16hr_Disome_up	2.2542521721384152
GO:MF	GO:0106292	superoxide-generating NADPH oxidase activity	0.005568623141587748	True	"""Catalysis of the reaction: NADPH + 2 O2 = H+ + NADP+ + 2 superoxide."" [RHEA:63180]"	6	122	2	22878	0.01639344262295082	0.3333333333333333	query_1	['GO:0016175']	16hr_Disome_up	2.2542521721384152
GO:MF	GO:0016175	superoxide-generating NAD(P)H oxidase activity	0.005568623141587748	True	"""Catalysis of the reaction: NAD(P)H + O2 = NAD(P)H + O2-."" [GOC:ai, PMID:10806195]"	6	122	2	22878	0.01639344262295082	0.3333333333333333	query_1	['GO:0050664']	16hr_Disome_up	2.2542521721384152
GO:MF	GO:0009916	alternative oxidase activity	0.007445150761694185	True	"""Catalysis of the oxidation of ubiquinol by diverting electrons from the standard electron transfer chain, transferring them from ubiquinol to oxygen and generating water as the product."" [ISBN:0943088399]"	7	122	2	22878	0.01639344262295082	0.2857142857142857	query_1	['GO:0016682']	16hr_Disome_up	2.128126503511679
GO:MF	GO:0042910	xenobiotic transmembrane transporter activity	0.007744282538751852	True	"""Enables the directed movement of a xenobiotic from one side of a membrane to the other. A xenobiotic is a compound foreign to the organism exposed to it. It may be synthesized by another organism (like ampicilin) or it can be a synthetic chemical."" [GOC:go_curators, GOC:krc]"	73	122	4	22878	0.03278688524590164	0.0547945205479452	query_1	['GO:0022857']	16hr_Disome_up	2.1110188108155628
GO:MF	GO:0043167	ion binding	0.023420288007585846	True	"""Binding to an ion, a charged atoms or groups of atoms."" [GOC:jl]"	6685	122	51	22878	0.4180327868852459	0.00762902019446522	query_1	['GO:0036094']	16hr_Disome_up	1.630407768557584
GO:MF	GO:0015562	efflux transmembrane transporter activity	0.024071079878009678	True	"""Enables the transfer of a specific substance or related group of substances from the inside of the cell to the outside of the cell across a membrane."" [GOC:ai, GOC:mtg_transport, ISBN:0815340729]"	13	122	2	22878	0.01639344262295082	0.15384615384615385	query_1	['GO:0022857']	16hr_Disome_up	1.6185044259467913
GO:MF	GO:0005388	P-type calcium transporter activity	0.02896037622033331	True	"""Enables the transfer of a solute or solutes from one side of a membrane to the other according to the reaction: ATP + H2O + Ca2+(in) = ADP + phosphate + Ca2+(out)."" [RHEA:18105]"	15	122	2	22878	0.01639344262295082	0.13333333333333333	query_1	['GO:0015085', 'GO:0015662', 'GO:0019829']	16hr_Disome_up	1.538195800577327
GO:MF	GO:0005509	calcium ion binding	0.02896037622033331	True	"""Binding to a calcium ion (Ca2+)."" [GOC:ai]"	260	122	6	22878	0.04918032786885246	0.023076923076923078	query_1	['GO:0046872']	16hr_Disome_up	1.538195800577327
GO:MF	GO:0008559	ABC-type xenobiotic transporter activity	0.02896037622033331	True	"""Catalysis of the reaction: ATP + H2O + xenobiotic(in) = ADP + phosphate + xenobiotic(out)."" [EC:7.6.2.2]"	15	122	2	22878	0.01639344262295082	0.13333333333333333	query_1	['GO:0042910', 'GO:0140359']	16hr_Disome_up	1.538195800577327
GO:MF	GO:0052625	N-(4-aminobenzoyl)-L-glutamate synthetase activity	0.029234261236623194	True	"""Catalysis of the reaction: 4-aminobenzoate + L-glutamate + ATP = N-(4-aminobenzoyl)-L-glutamate + AMP + diphosphate + H+."" [MetaCyc:RXN-10884, PMID:19189963]"	1	122	1	22878	0.00819672131147541	1.0	query_1	['GO:0016881']	16hr_Disome_up	1.5341078765115561
GO:MF	GO:0015431	ABC-type glutathione S-conjugate transporter activity	0.029234261236623194	True	"""Catalysis of the reaction: ATP + H2O + glutathione S-conjugate(in) -> ADP + phosphate + glutathione S-conjugate(out)."" [GOC:jl, PMID:1455517, RHEA:19121]"	1	122	1	22878	0.00819672131147541	1.0	query_1	['GO:0140359', 'GO:1901682']	16hr_Disome_up	1.5341078765115561
GO:MF	GO:0015291	secondary active transmembrane transporter activity	0.029234261236623194	True	"""Enables the transfer of a solute from one side of a membrane to the other, up its concentration gradient. The transporter binds the solute and undergoes a series of conformational changes. Transport works equally well in either direction and is driven by a chemiosmotic source of energy, not direct ATP coupling. Secondary active transporters include symporters and antiporters."" [GOC:mtg_transport, ISBN:0198506732, ISBN:0815340729, PMID:10839820]"	283	122	6	22878	0.04918032786885246	0.02120141342756184	query_1	['GO:0022804']	16hr_Disome_up	1.5341078765115561
GO:MF	GO:0010298	dihydrocamalexic acid decarboxylase activity	0.029234261236623194	True	"""Catalysis of the reaction: dihydrocamalexic acid = camalexin + CO2 + H+."" [MetaCyc:RXN-8275, PMID:16766671]"	1	122	1	22878	0.00819672131147541	1.0	query_1	['GO:0016831']	16hr_Disome_up	1.5341078765115561
GO:MF	GO:0010290	chlorophyll catabolite transmembrane transporter activity	0.029234261236623194	True	"""Enables the directed movement of chlorophyll catabolites such as non-fluorescent chlorophyll catabolites (NCCs), from one side of a membrane to the other."" [PMID:9681016]"	1	122	1	22878	0.00819672131147541	1.0	query_1	['GO:0022857']	16hr_Disome_up	1.5341078765115561
GO:MF	GO:0055056	D-glucose transmembrane transporter activity	0.029234261236623194	True	"""Enables the transfer of the D-enantiomer of the hexose monosaccharide glucose from one side of a membrane to the other."" [GOC:jid, GOC:jsg, GOC:mah]"	1	122	1	22878	0.00819672131147541	1.0	query_1	['GO:0015149']	16hr_Disome_up	1.5341078765115561
GO:MF	GO:0008824	cyanate hydratase activity	0.029234261236623194	True	"""Catalysis of the reaction: cyanate + H2O = carbamate."" [EC:4.2.1.104, RHEA:11120]"	1	122	1	22878	0.00819672131147541	1.0	query_1	['GO:0016840']	16hr_Disome_up	1.5341078765115561
GO:MF	GO:0102983	xylogalacturonan beta-1,3-xylosyltransferase activity	0.029234261236623194	True	"""Catalysis of the reaction: UDP-alpha-D-xylose + a homogalacturonan = UDP + 4 H+ + a xylogalacturonan."" [EC:2.4.2.41, GOC:pz]"	1	122	1	22878	0.00819672131147541	1.0	query_1	['GO:0016763']	16hr_Disome_up	1.5341078765115561
GO:MF	GO:0005358	high-affinity D-glucose:proton symporter activity	0.029234261236623194	True	"""Enables the transfer of a solute or solutes from one side of a membrane to the other according to the reaction: glucose + H+ = glucose + H+. This activity is constitutive and therefore always present, regardless of demand. Symporter activity enables the active transport of a solute across a membrane by a mechanism whereby two or more species are transported together in the same direction in a tightly coupled process not directly linked to a form of energy other than chemiosmotic energy. In high-affinity transport the transporter is able to bind the solute even if it is only present at very low concentrations."" [GOC:mtg_transport]"	1	122	1	22878	0.00819672131147541	1.0	query_1	['GO:0005356']	16hr_Disome_up	1.5341078765115561
GO:MF	GO:0005356	D-glucose:proton symporter activity	0.029234261236623194	True	"""Enables the transfer of a solute or solutes from one side of a membrane to the other according to the reaction: D-glucose + H+ = D-glucose + H+. Symporter activity enables the active transport of a solute across a membrane by a mechanism whereby two or more species are transported together in the same direction in a tightly coupled process not directly linked to a form of energy other than chemiosmotic energy."" [GOC:mtg_transport]"	1	122	1	22878	0.00819672131147541	1.0	query_1	['GO:0009679', 'GO:0055056']	16hr_Disome_up	1.5341078765115561
GO:MF	GO:0005215	transporter activity	0.029234261236623194	True	"""Enables the directed movement of substances (such as macromolecules, small molecules, ions) into, out of or within a cell, accross or in between cells."" [GOC:ai, GOC:dgf]"	1183	122	14	22878	0.11475409836065574	0.011834319526627219	query_1	['GO:0003674']	16hr_Disome_up	1.5341078765115561
GO:MF	GO:0052628	N-(4-hydroxybenzoyl)-L-glutamate synthetase activity	0.029234261236623194	True	"""Catalysis of the reaction: 4-hydroxybenzoate + L-glutamate + ATP = N-(4-hydroxybenzoyl)-L-glutamate + AMP + diphosphate + H+."" [MetaCyc:RXN-10887, PMID:19189963]"	1	122	1	22878	0.00819672131147541	1.0	query_1	['GO:0016881']	16hr_Disome_up	1.5341078765115561
GO:MF	GO:0061666	UFM1 ligase activity	0.029234261236623194	True	"""Catalysis of the transfer of UFM1 to a substrate protein via the reaction X-UFM1 + S = X + S-UFM1, where X is either an E2 or E3 enzyme, the X-UFM1 linkage is a thioester bond, and the S-UFM1 linkage is an isopeptide bond between the C-terminal amino acid of UFM1 and the epsilon-amino group of lysine residues in the substrate."" [GOC:dph]"	1	122	1	22878	0.00819672131147541	1.0	query_1	['GO:0061659', 'GO:0071568']	16hr_Disome_up	1.5341078765115561
GO:MF	GO:0050664	oxidoreductase activity, acting on NAD(P)H, oxygen as acceptor	0.029234261236623194	True	"""Catalysis of an oxidation-reduction (redox) reaction in which NADH or NADPH acts as a hydrogen or electron donor and reduces an oxygen molecule."" [EC:1.6.3.-]"	17	122	2	22878	0.01639344262295082	0.11764705882352941	query_1	['GO:0016651']	16hr_Disome_up	1.5341078765115561
GO:MF	GO:0052627	N-vanillate-L-glutamate synthetase activity	0.029234261236623194	True	"""Catalysis of the reaction: vanillate + L-glutamate + ATP = N-vanillate-L-glutamate + AMP + diphosphate + H+."" [MetaCyc:RXN-10885, PMID:19189963]"	1	122	1	22878	0.00819672131147541	1.0	query_1	['GO:0016881']	16hr_Disome_up	1.5341078765115561
GO:MF	GO:0047634	agmatine N4-coumaroyltransferase activity	0.029234261236623194	True	"""Catalysis of the reaction: 4-coumaroyl-CoA + agmatine = N-(4-guanidiniumylbutyl)-4-hydroxycinnamamide + CoA + H+."" [EC:2.3.1.64, RHEA:13405]"	1	122	1	22878	0.00819672131147541	1.0	query_1	['GO:0016747']	16hr_Disome_up	1.5341078765115561
GO:MF	GO:0030553	cGMP binding	0.029234261236623194	True	"""Binding to cGMP, the nucleotide cyclic GMP (guanosine 3',5'-cyclophosphate)."" [GOC:ai]"	20	122	2	22878	0.01639344262295082	0.1	query_1	['GO:0030551', 'GO:0032561', 'GO:0043168']	16hr_Disome_up	1.5341078765115561
GO:MF	GO:0030552	cAMP binding	0.029234261236623194	True	"""Binding to cAMP, the nucleotide cyclic AMP (adenosine 3',5'-cyclophosphate)."" [GOC:ai]"	20	122	2	22878	0.01639344262295082	0.1	query_1	['GO:0030551', 'GO:0032559', 'GO:0043168']	16hr_Disome_up	1.5341078765115561
GO:MF	GO:0141122	nitrogen-oxygen hydrolyase activity	0.029234261236623194	True	"""Catalysis of the breakage of a nitrogen-oxygen bond by means other than hydrolysis and oxidation."" [EC:4.8.1.-]"	1	122	1	22878	0.00819672131147541	1.0	query_1	['GO:0016829']	16hr_Disome_up	1.5341078765115561
GO:MF	GO:0030551	cyclic nucleotide binding	0.029234261236623194	True	"""Binding to a cyclic nucleotide, a nucleotide in which the phosphate group is in diester linkage to two positions on the sugar residue."" [GOC:ai]"	20	122	2	22878	0.01639344262295082	0.1	query_1	['GO:0000166']	16hr_Disome_up	1.5341078765115561
GO:MF	GO:0047720	indoleacetaldoxime dehydratase activity	0.029234261236623194	True	"""Catalysis of the reaction: (indol-3-yl)acetaldehyde oxime = (indol-3-yl)acetonitrile + H2O."" [RHEA:23156]"	1	122	1	22878	0.00819672131147541	1.0	query_1	['GO:0141122']	16hr_Disome_up	1.5341078765115561
GO:MF	GO:0022857	transmembrane transporter activity	0.029234261236623194	True	"""Enables the transfer of a substance, usually a specific substance or a group of related substances, from one side of a membrane to the other."" [GOC:jid, GOC:mtg_transport, ISBN:0815340729]"	1157	122	14	22878	0.11475409836065574	0.012100259291270527	query_1	['GO:0005215']	16hr_Disome_up	1.5341078765115561
GO:MF	GO:0030957	Tat protein binding	0.029234261236623194	True	"""Binding to Tat, a viral transactivating regulatory protein from the human immunodeficiency virus, or the equivalent protein from another virus."" [GOC:mah, PMID:9094689]"	1	122	1	22878	0.00819672131147541	1.0	query_1	['GO:0061629']	16hr_Disome_up	1.5341078765115561
GO:MF	GO:0052626	N-benzoyl-L-glutamate synthetase activity	0.029234261236623194	True	"""Catalysis of the reaction: benzoate + L-glutamate + ATP = N-benzoyl-L-glutamate + AMP + diphosphate + H+."" [MetaCyc:RXN-10886, PMID:19189963]"	1	122	1	22878	0.00819672131147541	1.0	query_1	['GO:0016881']	16hr_Disome_up	1.5341078765115561
GO:MF	GO:0036094	small molecule binding	0.029234261236623194	True	"""Binding to a small molecule, any low molecular weight, monomeric, non-encoded molecule."" [GOC:curators, GOC:pde, GOC:pm]"	6804	122	51	22878	0.4180327868852459	0.007495590828924162	query_1	['GO:0005488']	16hr_Disome_up	1.5341078765115561
GO:MF	GO:0042626	ATPase-coupled transmembrane transporter activity	0.029234261236623194	True	"""Primary active transporter of a solute across a membrane, via the reaction: ATP + H2O = ADP + phosphate, to directly drive the transport of a substance across a membrane. The transport protein may be transiently phosphorylated (P-type transporters), or not (ABC-type transporters and other families of transporters). Primary active transport occurs up the solute's concentration gradient and is driven by a primary energy source."" [GOC:mtg_transport, ISBN:0815340729]"	199	122	5	22878	0.040983606557377046	0.02512562814070352	query_1	['GO:0015399', 'GO:0140657']	16hr_Disome_up	1.5341078765115561
GO:MF	GO:0003824	catalytic activity	0.04110952157696958	True	"""Catalysis of a biochemical reaction at physiological temperatures. In biologically catalyzed reactions, the reactants are known as substrates, and the catalysts are naturally occurring macromolecular substances known as enzymes. Enzymes possess specific binding sites for substrates, and are usually composed wholly or largely of protein, but RNA that has catalytic activity (ribozyme) is often also regarded as enzymatic."" [GOC:vw, ISBN:0198506732]"	9606	122	65	22878	0.5327868852459017	0.006766604205704768	query_1	['GO:0003674']	16hr_Disome_up	1.386057577408197
GO:MF	GO:0004497	monooxygenase activity	0.0473272215107528	True	"""Catalysis of the incorporation of one atom from molecular oxygen into a compound and the reduction of the other atom of oxygen to water."" [ISBN:0198506732]"	341	122	6	22878	0.04918032786885246	0.017595307917888565	query_1	['GO:0016491']	16hr_Disome_up	1.3248889913690731
GO:MF	GO:0003953	NAD+ nucleosidase activity	0.0473272215107528	True	"""Catalysis of the reaction: NAD+ + H2O = ADP-D-ribose + nicotinamide + H+."" [PMID:11866528, PMID:7805847, RHEA:16301]"	29	122	2	22878	0.01639344262295082	0.06896551724137931	query_1	['GO:0016799']	16hr_Disome_up	1.3248889913690731
GO:MF	GO:0052638	indole-3-butyrate beta-glucosyltransferase activity	0.0473272215107528	True	"""Catalysis of the reaction: indole-3-butyrate + UDP-D-glucose = indole-3-butyryl-beta-1-D-glucose + UDP."" [MetaCyc:RXN-11655, RHEA:62708]"	2	122	1	22878	0.00819672131147541	0.5	query_1	['GO:0035251']	16hr_Disome_up	1.3248889913690731
GO:MF	GO:0009679	hexose:proton symporter activity	0.0473272215107528	True	"""Enables the transfer of a solute or solutes from one side of a membrane to the other according to the reaction: hexose(out) + H+(out) = hexose(in) + H+(in)."" [TC:2.A.1.-.-]"	2	122	1	22878	0.00819672131147541	0.5	query_1	['GO:0005351', 'GO:0015149']	16hr_Disome_up	1.3248889913690731
GO:MF	GO:0071568	UFM1 transferase activity	0.0473272215107528	True	"""Catalysis of the transfer of UFM1 from one protein to another via the reaction X-UFM1 + Y = Y-UFM1 + X, where both X-UFM1 and Y-UFM1 are covalent linkages."" [GOC:sp, PMID:20018847]"	2	122	1	22878	0.00819672131147541	0.5	query_1	['GO:0019787']	16hr_Disome_up	1.3248889913690731
GO:MF	GO:0015399	primary active transmembrane transporter activity	0.0473272215107528	True	"""Enables the transfer of a solute from one side of a membrane to the other, up the solute's concentration gradient, by binding the solute and undergoing a series of conformational changes. Transport works equally well in either direction and is powered by a primary energy source. Primary energy sources known to be coupled to transport are chemical such as ATP hydrolysis, redox energy and photon energy."" [GOC:mtg_transport, PMID:31613498]"	243	122	5	22878	0.040983606557377046	0.0205761316872428	query_1	['GO:0022804']	16hr_Disome_up	1.3248889913690731
GO:MF	GO:0080041	ADP-ribose pyrophosphohydrolase activity	0.0473272215107528	True	"""Catalysis of the reaction: ADP-ribose + H2O = AMP + ribose-1-phosphate."" [GOC:tb]"	2	122	1	22878	0.00819672131147541	0.5	query_1	['GO:0019144']	16hr_Disome_up	1.3248889913690731
GO:MF	GO:0080042	ADP-glucose pyrophosphohydrolase activity	0.0473272215107528	True	"""Catalysis of the reaction: ADP-glucose + H2O = AMP + glucose-1-phosphate."" [GOC:tb]"	2	122	1	22878	0.00819672131147541	0.5	query_1	['GO:0019144']	16hr_Disome_up	1.3248889913690731
GO:MF	GO:0080118	brassinosteroid sulfotransferase activity	0.0473272215107528	True	"""Catalysis of the reaction: a brassinosteroid + 3'-phosphoadenosine-5'-phosphosulfate = sulfated brassinosteroid + adenosine-3',5'-diphosphate. This reaction is the transfer of a sulfate group to the hydroxyl group of a brassinosteroid acceptor, producing the sulfated brassinosteroid derivative."" [PMID:10409637, PMID:17039368]"	2	122	1	22878	0.00819672131147541	0.5	query_1	['GO:0008146']	16hr_Disome_up	1.3248889913690731
GO:MF	GO:0019144	ADP-sugar diphosphatase activity	0.0473272215107528	True	"""Catalysis of the reaction: ADP-sugar + H2O = AMP + sugar 1-phosphate."" [EC:3.6.1.21]"	2	122	1	22878	0.00819672131147541	0.5	query_1	['GO:0016462']	16hr_Disome_up	1.3248889913690731
GO:MF	GO:0017069	snRNA binding	0.0473272215107528	True	"""Binding to a small nuclear RNA (snRNA)."" [GOC:mah]"	29	122	2	22878	0.01639344262295082	0.06896551724137931	query_1	['GO:0003723']	16hr_Disome_up	1.3248889913690731
GO:MF	GO:0061629	RNA polymerase II-specific DNA-binding transcription factor binding	0.0473272215107528	True	"""Binding to a sequence-specific DNA binding RNA polymerase II transcription factor, any of the factors that interact selectively and non-covalently with a specific DNA sequence in order to modulate transcription."" [GOC:dph, GOC:vw]"	2	122	1	22878	0.00819672131147541	0.5	query_1	['GO:0140297']	16hr_Disome_up	1.3248889913690731
GO:MF	GO:0061809	NAD+ nucleosidase activity, cyclic ADP-ribose generating	0.04745244789093348	True	"""Catalysis of the reaction: NAD+ + H2O = ADP-D-ribose + nicotinamide + H+, in a two step reaction: first an ADP-ribosyl cyclase reaction to synthesise cyclic ADP-ribose, followed by a cyclic ADP-ribose hydrolase reaction to generate (linear) ADP-ribose."" [EC:3.2.2.6, PMID:11866528]"	30	122	2	22878	0.01639344262295082	0.06666666666666667	query_1	['GO:0016799']	16hr_Disome_up	1.3237413790616948
GO:MF	GO:0050135	NADP+ nucleosidase activity	0.04745244789093348	True	"""Catalysis of the reaction: NADP+ + H2O = ADP-D-ribose 2'-phosphate + nicotinamide + H+."" [RHEA:19849]"	30	122	2	22878	0.01639344262295082	0.06666666666666667	query_1	['GO:0016799']	16hr_Disome_up	1.3237413790616948
GO:MF	GO:0016682	oxidoreductase activity, acting on diphenols and related substances as donors, oxygen as acceptor	0.04745244789093348	True	"""Catalysis of an oxidation-reduction (redox) reaction in which a diphenol, or related compound, acts as a hydrogen or electron donor and reduces oxygen."" [GOC:jl]"	30	122	2	22878	0.01639344262295082	0.06666666666666667	query_1	['GO:0016679']	16hr_Disome_up	1.3237413790616948
